"Image type","Feature Class","Feature Name","YONGJIN_KIM..ABDOMEN_00_LIVE.OBJ1.OBJ1.2022.03.08.18.02.21_segment_YONGJIN_KIM..ABDOMEN_00_LIVE.OBJ1.OBJ1.2022.03.08.18.02.21"
"diagnostics","Versions","PyRadiomics","v3.0.1.post4+gad5b2de"
"diagnostics","Versions","Numpy","1.19.2"
"diagnostics","Versions","SimpleITK","2.0.2"
"diagnostics","Versions","PyWavelet","1.1.1"
"diagnostics","Versions","Python","3.6.7"
"diagnostics","Configuration","Settings","{'minimumROIDimensions': 2, 'minimumROISize': None, 'normalize': False, 'normalizeScale': 1, 'removeOutliers': None, 'resampledPixelSpacing': None, 'interpolator': 'sitkBSpline', 'preCrop': False, 'padDistance': 5, 'distances': [1], 'force2D': False, 'force2Ddimension': 0, 'resegmentRange': None, 'label': 1, 'additionalInfo': True, 'binWidth': 25, 'correctMask': True}"
"diagnostics","Configuration","EnabledImageTypes","{'Original': {}, 'Wavelet': {}}"
"diagnostics","Image-original","Hash","78de195fd8d268309c8106b2cdaec471fe37f695"
"diagnostics","Image-original","Dimensionality","3D"
"diagnostics","Image-original","Spacing","(0.69140625, 0.69140625, 1.0)"
"diagnostics","Image-original","Size","(512, 512, 237)"
"diagnostics","Image-original","Mean","-419.1416182055252"
"diagnostics","Image-original","Minimum","-1024.0"
"diagnostics","Image-original","Maximum","3071.0"
"diagnostics","Mask-original","Hash","925a081f8daeb913804139cfbea8abdad3f4cccd"
"diagnostics","Mask-original","Spacing","(0.69140625, 0.69140625, 1.0)"
"diagnostics","Mask-original","Size","(512, 512, 237)"
"diagnostics","Mask-original","BoundingBox","(156, 244, 142, 62, 63, 37)"
"diagnostics","Mask-original","VoxelNum","34247"
"diagnostics","Mask-original","VolumeNum","1"
"diagnostics","Mask-original","CenterOfMassIndex","(183.12152889304173, 274.1874616754752, 164.57561246240547)"
"diagnostics","Mask-original","CenterOfMass","(-66.04292728879537, -149.57937220094095, -53.72438753759454)"
"original","shape","Elongation","0.7955917724000445"
"original","shape","Flatness","0.5318163000159419"
"original","shape","LeastAxisLength","23.826630737716613"
"original","shape","MajorAxisLength","44.80237017369038"
"original","shape","Maximum2DDiameterColumn","44.256025173530396"
"original","shape","Maximum2DDiameterRow","43.473593929425995"
"original","shape","Maximum2DDiameterSlice","49.85801373102548"
"original","shape","Maximum3DDiameter","50.72442283095199"
"original","shape","MeshVolume","16338.500232696533"
"original","shape","MinorAxisLength","35.64439709420922"
"original","shape","Sphericity","0.5748623706447072"
"original","shape","SurfaceArea","5416.619997040871"
"original","shape","SurfaceVolumeRatio","0.33152492088601593"
"original","shape","VoxelVolume","16371.525009155273"
"original","firstorder","10Percentile","53.0"
"original","firstorder","90Percentile","98.0"
"original","firstorder","Energy","207491063.0"
"original","firstorder","Entropy","1.643625564566869"
"original","firstorder","InterquartileRange","24.0"
"original","firstorder","Kurtosis","3.2075311993616586"
"original","firstorder","Maximum","144.0"
"original","firstorder","MeanAbsoluteDeviation","13.933049001372341"
"original","firstorder","Mean","75.8238969836774"
"original","firstorder","Median","76.0"
"original","firstorder","Minimum","-8.0"
"original","firstorder","Range","152.0"
"original","firstorder","RobustMeanAbsoluteDeviation","9.899794833901115"
"original","firstorder","RootMeanSquared","77.83741974248304"
"original","firstorder","Skewness","-0.17415671192111354"
"original","firstorder","TotalEnergy","99189567.76011658"
"original","firstorder","Uniformity","0.37321191896462463"
"original","firstorder","Variance","309.4005583761661"
"original","glcm","Autocorrelation","20.948201648564332"
"original","glcm","ClusterProminence","8.073902981043059"
"original","glcm","ClusterShade","-0.3289406262052318"
"original","glcm","ClusterTendency","1.6042399549583453"
"original","glcm","Contrast","0.6438462300417945"
"original","glcm","Correlation","0.4270741562094486"
"original","glcm","DifferenceAverage","0.5433674118234676"
"original","glcm","DifferenceEntropy","1.2219329950693085"
"original","glcm","DifferenceVariance","0.34381463155317005"
"original","glcm","Id","0.7446354765003977"
"original","glcm","Idm","0.7383606499973803"
"original","glcm","Idmn","0.9873700572572047"
"original","glcm","Idn","0.9334602789353261"
"original","glcm","Imc1","-0.09872626602930584"
"original","glcm","Imc2","0.5020216684715909"
"original","glcm","InverseVariance","0.45945913518727244"
"original","glcm","JointAverage","4.550613627854337"
"original","glcm","JointEnergy","0.15945039283299556"
"original","glcm","JointEntropy","3.0988821969644365"
"original","glcm","MCC","0.43363910716521836"
"original","glcm","MaximumProbability","0.25930940653502266"
"original","glcm","SumAverage","9.101227255708672"
"original","glcm","SumEntropy","2.372564497796845"
"original","glcm","SumSquares","0.5620215462500349"
"original","glrlm","GrayLevelNonUniformity","6090.127661764374"
"original","glrlm","GrayLevelNonUniformityNormalized","0.3298657083313831"
"original","glrlm","GrayLevelVariance","0.7193716272672397"
"original","glrlm","HighGrayLevelRunEmphasis","21.484501864704892"
"original","glrlm","LongRunEmphasis","5.400615872432491"
"original","glrlm","LongRunHighGrayLevelEmphasis","114.4205781565601"
"original","glrlm","LongRunLowGrayLevelEmphasis","0.27931862128220686"
"original","glrlm","LowGrayLevelRunEmphasis","0.05458614388340348"
"original","glrlm","RunEntropy","3.5974250485944848"
"original","glrlm","RunLengthNonUniformity","7137.871276368022"
"original","glrlm","RunLengthNonUniformityNormalized","0.3816264564264979"
"original","glrlm","RunPercentage","0.5390298083380689"
"original","glrlm","RunVariance","1.8452623519585991"
"original","glrlm","ShortRunEmphasis","0.6294781306247154"
"original","glrlm","ShortRunHighGrayLevelEmphasis","13.63204576869509"
"original","glrlm","ShortRunLowGrayLevelEmphasis","0.03524710661898713"
"original","glszm","GrayLevelNonUniformity","175.8131868131868"
"original","glszm","GrayLevelNonUniformityNormalized","0.3220021736505253"
"original","glszm","GrayLevelVariance","2.687467294610152"
"original","glszm","HighGrayLevelZoneEmphasis","24.243589743589745"
"original","glszm","LargeAreaEmphasis","776289.9688644689"
"original","glszm","LargeAreaHighGrayLevelEmphasis","16480960.13003663"
"original","glszm","LargeAreaLowGrayLevelEmphasis","38484.07673611631"
"original","glszm","LowGrayLevelZoneEmphasis","0.0775401705248644"
"original","glszm","SizeZoneNonUniformity","112.83882783882784"
"original","glszm","SizeZoneNonUniformityNormalized","0.20666451985133305"
"original","glszm","SmallAreaEmphasis","0.4606048570959985"
"original","glszm","SmallAreaHighGrayLevelEmphasis","10.971465925899201"
"original","glszm","SmallAreaLowGrayLevelEmphasis","0.03821396184622594"
"original","glszm","ZoneEntropy","5.061767715689848"
"original","glszm","ZonePercentage","0.015943002306771398"
"original","glszm","ZoneVariance","772355.7385346642"
"original","gldm","DependenceEntropy","5.771304090542771"
"original","gldm","DependenceNonUniformity","1847.6967617601542"
"original","gldm","DependenceNonUniformityNormalized","0.053952076437648676"
"original","gldm","DependenceVariance","25.47845136337502"
"original","gldm","GrayLevelNonUniformity","12781.3885887815"
"original","gldm","GrayLevelVariance","0.5735309853104182"
"original","gldm","HighGrayLevelEmphasis","21.332175081028996"
"original","gldm","LargeDependenceEmphasis","194.09451922796157"
"original","gldm","LargeDependenceHighGrayLevelEmphasis","4100.183636522907"
"original","gldm","LargeDependenceLowGrayLevelEmphasis","9.872383555353212"
"original","gldm","LowGrayLevelEmphasis","0.05313860733750484"
"original","gldm","SmallDependenceEmphasis","0.02016797667765753"
"original","gldm","SmallDependenceHighGrayLevelEmphasis","0.46270449396669366"
"original","gldm","SmallDependenceLowGrayLevelEmphasis","0.0013655528182898273"
"original","ngtdm","Busyness","105.66679930017759"
"original","ngtdm","Coarseness","0.00022612032878067685"
"original","ngtdm","Complexity","9.23794930252799"
"original","ngtdm","Contrast","0.01137060089794085"
"original","ngtdm","Strength","0.004794387732237695"
"wavelet-LLH","firstorder","10Percentile","-30.7445542187019"
"wavelet-LLH","firstorder","90Percentile","13.351666856061122"
"wavelet-LLH","firstorder","Energy","66912627.618520565"
"wavelet-LLH","firstorder","Entropy","1.819033594651964"
"wavelet-LLH","firstorder","InterquartileRange","17.74236099888566"
"wavelet-LLH","firstorder","Kurtosis","13.71090583505305"
"wavelet-LLH","firstorder","Maximum","56.283673411660665"
"wavelet-LLH","firstorder","MeanAbsoluteDeviation","23.07103136391752"
"wavelet-LLH","firstorder","Mean","-12.546996732525418"
"wavelet-LLH","firstorder","Median","-2.2111291648895435"
"wavelet-LLH","firstorder","Minimum","-252.96671812851815"
"wavelet-LLH","firstorder","Range","309.25039154017884"
"wavelet-LLH","firstorder","RobustMeanAbsoluteDeviation","7.73390915288933"
"wavelet-LLH","firstorder","RootMeanSquared","44.20208704390566"
"wavelet-LLH","firstorder","Skewness","-3.249295618834515"
"wavelet-LLH","firstorder","TotalEnergy","31987086.649484724"
"wavelet-LLH","firstorder","Uniformity","0.38281189399448773"
"wavelet-LLH","firstorder","Variance","1796.3973720310087"
"wavelet-LLH","glcm","Autocorrelation","124.74829413549197"
"wavelet-LLH","glcm","ClusterProminence","895.3695154266078"
"wavelet-LLH","glcm","ClusterShade","-70.32697608604921"
"wavelet-LLH","glcm","ClusterTendency","7.606263878230554"
"wavelet-LLH","glcm","Contrast","1.5811012488292229"
"wavelet-LLH","glcm","Correlation","0.6242464695407242"
"wavelet-LLH","glcm","DifferenceAverage","0.70544915638249"
"wavelet-LLH","glcm","DifferenceEntropy","1.482867549507584"
"wavelet-LLH","glcm","DifferenceVariance","1.0450012199848646"
"wavelet-LLH","glcm","Id","0.726573799772565"
"wavelet-LLH","glcm","Idm","0.7149600214210423"
"wavelet-LLH","glcm","Idmn","0.9926156613630256"
"wavelet-LLH","glcm","Idn","0.9560565375724959"
"wavelet-LLH","glcm","Imc1","-0.17894818612933136"
"wavelet-LLH","glcm","Imc2","0.6392503740582949"
"wavelet-LLH","glcm","InverseVariance","0.4313809110515653"
"wavelet-LLH","glcm","JointAverage","11.101312566383369"
"wavelet-LLH","glcm","JointEnergy","0.1863452754333725"
"wavelet-LLH","glcm","JointEntropy","3.1499146223282994"
"wavelet-LLH","glcm","MCC","0.7149640190821784"
"wavelet-LLH","glcm","MaximumProbability","0.2545101848597423"
"wavelet-LLH","glcm","SumAverage","22.202625132766737"
"wavelet-LLH","glcm","SumEntropy","2.4195186007260414"
"wavelet-LLH","glcm","SumSquares","2.296841281764945"
"wavelet-LLH","glrlm","GrayLevelNonUniformity","5918.257149414161"
"wavelet-LLH","glrlm","GrayLevelNonUniformityNormalized","0.31384609345702774"
"wavelet-LLH","glrlm","GrayLevelVariance","4.559466444785568"
"wavelet-LLH","glrlm","HighGrayLevelRunEmphasis","118.42340953631683"
"wavelet-LLH","glrlm","LongRunEmphasis","5.682476484498123"
"wavelet-LLH","glrlm","LongRunHighGrayLevelEmphasis","729.0453297928177"
"wavelet-LLH","glrlm","LongRunLowGrayLevelEmphasis","0.05142830078141632"
"wavelet-LLH","glrlm","LowGrayLevelRunEmphasis","0.013077311021084486"
"wavelet-LLH","glrlm","RunEntropy","3.8795409449591696"
"wavelet-LLH","glrlm","RunLengthNonUniformity","7571.056229643573"
"wavelet-LLH","glrlm","RunLengthNonUniformityNormalized","0.39078767714542284"
"wavelet-LLH","glrlm","RunPercentage","0.5469653714755476"
"wavelet-LLH","glrlm","RunVariance","1.9668281986907723"
"wavelet-LLH","glrlm","ShortRunEmphasis","0.6332009205568472"
"wavelet-LLH","glrlm","ShortRunHighGrayLevelEmphasis","70.88598283134267"
"wavelet-LLH","glrlm","ShortRunLowGrayLevelEmphasis","0.009869807891640603"
"wavelet-LLH","glszm","GrayLevelNonUniformity","148.4262023217247"
"wavelet-LLH","glszm","GrayLevelNonUniformityNormalized","0.12307313625350308"
"wavelet-LLH","glszm","GrayLevelVariance","8.144127345582756"
"wavelet-LLH","glszm","HighGrayLevelZoneEmphasis","75.31343283582089"
"wavelet-LLH","glszm","LargeAreaEmphasis","369932.3175787728"
"wavelet-LLH","glszm","LargeAreaHighGrayLevelEmphasis","48655199.906301826"
"wavelet-LLH","glszm","LargeAreaLowGrayLevelEmphasis","2835.802279242127"
"wavelet-LLH","glszm","LowGrayLevelZoneEmphasis","0.0272662498864862"
"wavelet-LLH","glszm","SizeZoneNonUniformity","372.64179104477614"
"wavelet-LLH","glszm","SizeZoneNonUniformityNormalized","0.30898987648820575"
"wavelet-LLH","glszm","SmallAreaEmphasis","0.571396190256619"
"wavelet-LLH","glszm","SmallAreaHighGrayLevelEmphasis","43.16741186070528"
"wavelet-LLH","glszm","SmallAreaLowGrayLevelEmphasis","0.014018831238575833"
"wavelet-LLH","glszm","ZoneEntropy","5.447506706721867"
"wavelet-LLH","glszm","ZonePercentage","0.03521476333693462"
"wavelet-LLH","glszm","ZoneVariance","369125.91770349466"
"wavelet-LLH","gldm","DependenceEntropy","5.627705317434495"
"wavelet-LLH","gldm","DependenceNonUniformity","2034.8211230180746"
"wavelet-LLH","gldm","DependenceNonUniformityNormalized","0.059416040033231365"
"wavelet-LLH","gldm","DependenceVariance","26.73226365482717"
"wavelet-LLH","gldm","GrayLevelNonUniformity","13110.158933629224"
"wavelet-LLH","gldm","GrayLevelVariance","2.9685484976284946"
"wavelet-LLH","gldm","HighGrayLevelEmphasis","123.92743889975765"
"wavelet-LLH","gldm","LargeDependenceEmphasis","190.0325575962858"
"wavelet-LLH","gldm","LargeDependenceHighGrayLevelEmphasis","24922.775921978566"
"wavelet-LLH","gldm","LargeDependenceLowGrayLevelEmphasis","1.498477914557736"
"wavelet-LLH","gldm","LowGrayLevelEmphasis","0.010878884018595677"
"wavelet-LLH","gldm","SmallDependenceEmphasis","0.037105372886289206"
"wavelet-LLH","gldm","SmallDependenceHighGrayLevelEmphasis","3.0426322150765457"
"wavelet-LLH","gldm","SmallDependenceLowGrayLevelEmphasis","0.0009039893285519072"
"wavelet-LLH","ngtdm","Busyness","23.657896724901924"
"wavelet-LLH","ngtdm","Coarseness","0.00016962600762316954"
"wavelet-LLH","ngtdm","Complexity","61.37101965985811"
"wavelet-LLH","ngtdm","Contrast","0.01866802776361636"
"wavelet-LLH","ngtdm","Strength","0.04494030358845445"
"wavelet-LHL","firstorder","10Percentile","-23.4216351375367"
"wavelet-LHL","firstorder","90Percentile","21.501129453525508"
"wavelet-LHL","firstorder","Energy","11474336.23974284"
"wavelet-LHL","firstorder","Entropy","1.6843020988234245"
"wavelet-LHL","firstorder","InterquartileRange","23.20743049485619"
"wavelet-LHL","firstorder","Kurtosis","4.270929199673977"
"wavelet-LHL","firstorder","Maximum","69.08013060043223"
"wavelet-LHL","firstorder","MeanAbsoluteDeviation","14.185214667726125"
"wavelet-LHL","firstorder","Mean","-0.8290021363724576"
"wavelet-LHL","firstorder","Median","-0.27389812163423166"
"wavelet-LHL","firstorder","Minimum","-146.18784495725075"
"wavelet-LHL","firstorder","Range","215.26797555768297"
"wavelet-LHL","firstorder","RobustMeanAbsoluteDeviation","9.652230370057657"
"wavelet-LHL","firstorder","RootMeanSquared","18.30427446320509"
"wavelet-LHL","firstorder","Skewness","-0.3475844349211374"
"wavelet-LHL","firstorder","TotalEnergy","5485221.558454948"
"wavelet-LHL","firstorder","Uniformity","0.3671062232616969"
"wavelet-LHL","firstorder","Variance","334.3592190822319"
"wavelet-LHL","glcm","Autocorrelation","42.09525511147142"
"wavelet-LHL","glcm","ClusterProminence","7.870734676530144"
"wavelet-LHL","glcm","ClusterShade","-0.4627617368529867"
"wavelet-LHL","glcm","ClusterTendency","1.3789481648912967"
"wavelet-LHL","glcm","Contrast","0.9863106719185442"
"wavelet-LHL","glcm","Correlation","0.16551780835705315"
"wavelet-LHL","glcm","DifferenceAverage","0.7007564719148676"
"wavelet-LHL","glcm","DifferenceEntropy","1.4118199065006602"
"wavelet-LHL","glcm","DifferenceVariance","0.46964126736702644"
"wavelet-LHL","glcm","Id","0.6929974768428783"
"wavelet-LHL","glcm","Idm","0.6779764284171693"
"wavelet-LHL","glcm","Idmn","0.9883029762951163"
"wavelet-LHL","glcm","Idn","0.9324402738169094"
"wavelet-LHL","glcm","Imc1","-0.05596019206700367"
"wavelet-LHL","glcm","Imc2","0.2843571620219893"
"wavelet-LHL","glcm","InverseVariance","0.4893140740550621"
"wavelet-LHL","glcm","JointAverage","6.4805146227724135"
"wavelet-LHL","glcm","JointEnergy","0.1489793645447761"
"wavelet-LHL","glcm","JointEntropy","3.226166943894258"
"wavelet-LHL","glcm","MCC","0.2980483135472963"
"wavelet-LHL","glcm","MaximumProbability","0.20949434938775616"
"wavelet-LHL","glcm","SumAverage","12.961029245544829"
"wavelet-LHL","glcm","SumEntropy","2.237153652943685"
"wavelet-LHL","glcm","SumSquares","0.5913147092024603"
"wavelet-LHL","glrlm","GrayLevelNonUniformity","6830.121641790578"
"wavelet-LHL","glrlm","GrayLevelNonUniformityNormalized","0.3257847459507018"
"wavelet-LHL","glrlm","GrayLevelVariance","0.7712732410157"
"wavelet-LHL","glrlm","HighGrayLevelRunEmphasis","42.32426607827757"
"wavelet-LHL","glrlm","LongRunEmphasis","4.169889659993479"
"wavelet-LHL","glrlm","LongRunHighGrayLevelEmphasis","177.65248373266743"
"wavelet-LHL","glrlm","LongRunLowGrayLevelEmphasis","0.10263236126229984"
"wavelet-LHL","glrlm","LowGrayLevelRunEmphasis","0.02575355501985815"
"wavelet-LHL","glrlm","RunEntropy","3.3556144623963466"
"wavelet-LHL","glrlm","RunLengthNonUniformity","9712.466239232632"
"wavelet-LHL","glrlm","RunLengthNonUniformityNormalized","0.4503093270533982"
"wavelet-LHL","glrlm","RunPercentage","0.6117908137939091"
"wavelet-LHL","glrlm","RunVariance","1.258967758945571"
"wavelet-LHL","glrlm","ShortRunEmphasis","0.6843196809532237"
"wavelet-LHL","glrlm","ShortRunHighGrayLevelEmphasis","28.871929991331697"
"wavelet-LHL","glrlm","ShortRunLowGrayLevelEmphasis","0.018016460897233723"
"wavelet-LHL","glszm","GrayLevelNonUniformity","325.4279379157428"
"wavelet-LHL","glszm","GrayLevelNonUniformityNormalized","0.3607848535651251"
"wavelet-LHL","glszm","GrayLevelVariance","3.0567806942935385"
"wavelet-LHL","glszm","HighGrayLevelZoneEmphasis","43.20066518847007"
"wavelet-LHL","glszm","LargeAreaEmphasis","463675.4689578714"
"wavelet-LHL","glszm","LargeAreaHighGrayLevelEmphasis","19737485.6518847"
"wavelet-LHL","glszm","LargeAreaLowGrayLevelEmphasis","11156.339760556313"
"wavelet-LHL","glszm","LowGrayLevelZoneEmphasis","0.03395205773653799"
"wavelet-LHL","glszm","SizeZoneNonUniformity","142.85365853658536"
"wavelet-LHL","glszm","SizeZoneNonUniformityNormalized","0.15837434427559352"
"wavelet-LHL","glszm","SmallAreaEmphasis","0.3886208407909301"
"wavelet-LHL","glszm","SmallAreaHighGrayLevelEmphasis","16.249751473408256"
"wavelet-LHL","glszm","SmallAreaLowGrayLevelEmphasis","0.01525352015509021"
"wavelet-LHL","glszm","ZoneEntropy","5.128418864989435"
"wavelet-LHL","glszm","ZonePercentage","0.026338073407889743"
"wavelet-LHL","glszm","ZoneVariance","462233.911383179"
"wavelet-LHL","gldm","DependenceEntropy","5.454614143059468"
"wavelet-LHL","gldm","DependenceNonUniformity","2163.6302449849622"
"wavelet-LHL","gldm","DependenceNonUniformityNormalized","0.06317721975603592"
"wavelet-LHL","gldm","DependenceVariance","19.542762744405444"
"wavelet-LHL","gldm","GrayLevelNonUniformity","12572.286828043332"
"wavelet-LHL","gldm","GrayLevelVariance","0.6161552963870296"
"wavelet-LHL","gldm","HighGrayLevelEmphasis","42.45586474727713"
"wavelet-LHL","gldm","LargeDependenceEmphasis","142.60714807136392"
"wavelet-LHL","gldm","LargeDependenceHighGrayLevelEmphasis","6093.7000029199635"
"wavelet-LHL","gldm","LargeDependenceLowGrayLevelEmphasis","3.4399414571169626"
"wavelet-LHL","gldm","LowGrayLevelEmphasis","0.025192142721738642"
"wavelet-LHL","gldm","SmallDependenceEmphasis","0.027695978634241756"
"wavelet-LHL","gldm","SmallDependenceHighGrayLevelEmphasis","1.1550293162907836"
"wavelet-LHL","gldm","SmallDependenceLowGrayLevelEmphasis","0.0008989130720384668"
"wavelet-LHL","ngtdm","Busyness","69.47071138920376"
"wavelet-LHL","ngtdm","Coarseness","0.0001723378447753127"
"wavelet-LHL","ngtdm","Complexity","23.530559097727387"
"wavelet-LHL","ngtdm","Contrast","0.009750722386805941"
"wavelet-LHL","ngtdm","Strength","0.008708085538668814"
"wavelet-LHH","firstorder","10Percentile","-8.234451897919113"
"wavelet-LHH","firstorder","90Percentile","8.833511227792476"
"wavelet-LHH","firstorder","Energy","2082393.3426182116"
"wavelet-LHH","firstorder","Entropy","1.0954880639937294"
"wavelet-LHH","firstorder","InterquartileRange","8.634369867345628"
"wavelet-LHH","firstorder","Kurtosis","7.952170224503271"
"wavelet-LHH","firstorder","Maximum","66.19685588474327"
"wavelet-LHH","firstorder","MeanAbsoluteDeviation","5.628441742366029"
"wavelet-LHH","firstorder","Mean","0.4601586603227444"
"wavelet-LHH","firstorder","Median","-0.009700596333533554"
"wavelet-LHH","firstorder","Minimum","-35.45354426416556"
"wavelet-LHH","firstorder","Range","101.65040014890883"
"wavelet-LHH","firstorder","RobustMeanAbsoluteDeviation","3.6038613968295286"
"wavelet-LHH","firstorder","RootMeanSquared","7.797764527146205"
"wavelet-LHH","firstorder","Skewness","1.2008896113579375"
"wavelet-LHH","firstorder","TotalEnergy","995472.7330152276"
"wavelet-LHH","firstorder","Uniformity","0.48648194845719683"
"wavelet-LHH","firstorder","Variance","60.593385628149655"
"wavelet-LHH","glcm","Autocorrelation","6.292626463071319"
"wavelet-LHH","glcm","ClusterProminence","0.9610393484733017"
"wavelet-LHH","glcm","ClusterShade","0.12968902011329628"
"wavelet-LHH","glcm","ClusterTendency","0.5883225265740518"
"wavelet-LHH","glcm","Contrast","0.5018144469633079"
"wavelet-LHH","glcm","Correlation","0.07789011773930356"
"wavelet-LHH","glcm","DifferenceAverage","0.488564283323018"
"wavelet-LHH","glcm","DifferenceEntropy","1.0313982937803157"
"wavelet-LHH","glcm","DifferenceVariance","0.25814580005205146"
"wavelet-LHH","glcm","Id","0.7578768347328511"
"wavelet-LHH","glcm","Idm","0.7570421548399769"
"wavelet-LHH","glcm","Idmn","0.9808116519893054"
"wavelet-LHH","glcm","Idn","0.9188845397143269"
"wavelet-LHH","glcm","Imc1","-0.031951938324758664"
"wavelet-LHH","glcm","Imc2","0.19801799632193415"
"wavelet-LHH","glcm","InverseVariance","0.47743173297134167"
"wavelet-LHH","glcm","JointAverage","2.5041902822410167"
"wavelet-LHH","glcm","JointEnergy","0.24629972488792623"
"wavelet-LHH","glcm","JointEntropy","2.1201995253624633"
"wavelet-LHH","glcm","MCC","0.27187057043882973"
"wavelet-LHH","glcm","MaximumProbability","0.2699290502660302"
"wavelet-LHH","glcm","SumAverage","5.0083805644820325"
"wavelet-LHH","glcm","SumEntropy","1.59849385559662"
"wavelet-LHH","glcm","SumSquares","0.2725342433843399"
"wavelet-LHH","glrlm","GrayLevelNonUniformity","8656.530761625367"
"wavelet-LHH","glrlm","GrayLevelNonUniformityNormalized","0.47941144924369417"
"wavelet-LHH","glrlm","GrayLevelVariance","0.29380352917751706"
"wavelet-LHH","glrlm","HighGrayLevelRunEmphasis","6.742037414293997"
"wavelet-LHH","glrlm","LongRunEmphasis","5.878922181764523"
"wavelet-LHH","glrlm","LongRunHighGrayLevelEmphasis","37.87541452646648"
"wavelet-LHH","glrlm","LongRunLowGrayLevelEmphasis","1.0776623030610402"
"wavelet-LHH","glrlm","LowGrayLevelRunEmphasis","0.1773041455852438"
"wavelet-LHH","glrlm","RunEntropy","2.9955350205900926"
"wavelet-LHH","glrlm","RunLengthNonUniformity","6739.821055459169"
"wavelet-LHH","glrlm","RunLengthNonUniformityNormalized","0.3646924751367176"
"wavelet-LHH","glrlm","RunPercentage","0.5272578620025111"
"wavelet-LHH","glrlm","RunVariance","1.8306607515591329"
"wavelet-LHH","glrlm","ShortRunEmphasis","0.5900269044488711"
"wavelet-LHH","glrlm","ShortRunHighGrayLevelEmphasis","4.073250876791813"
"wavelet-LHH","glrlm","ShortRunLowGrayLevelEmphasis","0.10290919573444414"
"wavelet-LHH","glszm","GrayLevelNonUniformity","19.431372549019606"
"wavelet-LHH","glszm","GrayLevelNonUniformityNormalized","0.38100730488273743"
"wavelet-LHH","glszm","GrayLevelVariance","1.5440215301806997"
"wavelet-LHH","glszm","HighGrayLevelZoneEmphasis","13.862745098039216"
"wavelet-LHH","glszm","LargeAreaEmphasis","11182163.43137255"
"wavelet-LHH","glszm","LargeAreaHighGrayLevelEmphasis","71892515.23529412"
"wavelet-LHH","glszm","LargeAreaLowGrayLevelEmphasis","2041364.5244172113"
"wavelet-LHH","glszm","LowGrayLevelZoneEmphasis","0.19595315904139432"
"wavelet-LHH","glszm","SizeZoneNonUniformity","19.313725490196077"
"wavelet-LHH","glszm","SizeZoneNonUniformityNormalized","0.37870049980776627"
"wavelet-LHH","glszm","SmallAreaEmphasis","0.6354950182958913"
"wavelet-LHH","glszm","SmallAreaHighGrayLevelEmphasis","8.454390879671664"
"wavelet-LHH","glszm","SmallAreaLowGrayLevelEmphasis","0.15517873277711478"
"wavelet-LHH","glszm","ZoneEntropy","3.4480736871435678"
"wavelet-LHH","glszm","ZonePercentage","0.0014891815341489766"
"wavelet-LHH","glszm","ZoneVariance","10731238.014609765"
"wavelet-LHH","gldm","DependenceEntropy","4.743579271184287"
"wavelet-LHH","gldm","DependenceNonUniformity","3141.52898064064"
"wavelet-LHH","gldm","DependenceNonUniformityNormalized","0.09173150876399802"
"wavelet-LHH","gldm","DependenceVariance","10.520805770279539"
"wavelet-LHH","gldm","GrayLevelNonUniformity","16660.547288813617"
"wavelet-LHH","gldm","GrayLevelVariance","0.27902273635131597"
"wavelet-LHH","gldm","HighGrayLevelEmphasis","6.595701813297515"
"wavelet-LHH","gldm","LargeDependenceEmphasis","187.17934417613222"
"wavelet-LHH","gldm","LargeDependenceHighGrayLevelEmphasis","1188.0772330423104"
"wavelet-LHH","gldm","LargeDependenceLowGrayLevelEmphasis","34.67470387511639"
"wavelet-LHH","gldm","LowGrayLevelEmphasis","0.18011028541023869"
"wavelet-LHH","gldm","SmallDependenceEmphasis","0.008756639220499454"
"wavelet-LHH","gldm","SmallDependenceHighGrayLevelEmphasis","0.07025417849473266"
"wavelet-LHH","gldm","SmallDependenceLowGrayLevelEmphasis","0.0015456738940936472"
"wavelet-LHH","ngtdm","Busyness","502.5854472645358"
"wavelet-LHH","ngtdm","Coarseness","0.00012711855418117974"
"wavelet-LHH","ngtdm","Complexity","5.660494134550612"
"wavelet-LHH","ngtdm","Contrast","0.013374728639436378"
"wavelet-LHH","ngtdm","Strength","0.0015325876369547515"
"wavelet-HLL","firstorder","10Percentile","-19.074141161954227"
"wavelet-HLL","firstorder","90Percentile","18.58864264754553"
"wavelet-HLL","firstorder","Energy","7581079.006872574"
"wavelet-HLL","firstorder","Entropy","1.457032535374844"
"wavelet-HLL","firstorder","InterquartileRange","19.515693111731572"
"wavelet-HLL","firstorder","Kurtosis","3.2483164140228316"
"wavelet-HLL","firstorder","Maximum","67.63325134972496"
"wavelet-HLL","firstorder","MeanAbsoluteDeviation","11.762324051926722"
"wavelet-HLL","firstorder","Mean","-0.18432967837386705"
"wavelet-HLL","firstorder","Median","-0.12283921876438124"
"wavelet-HLL","firstorder","Minimum","-70.69514442801196"
"wavelet-HLL","firstorder","Range","138.32839577773692"
"wavelet-HLL","firstorder","RobustMeanAbsoluteDeviation","8.130902844392718"
"wavelet-HLL","firstorder","RootMeanSquared","14.878331965567558"
"wavelet-HLL","firstorder","Skewness","-0.06754113653268237"
"wavelet-HLL","firstorder","TotalEnergy","3624078.7384996163"
"wavelet-HLL","firstorder","Uniformity","0.41543462609771553"
"wavelet-HLL","firstorder","Variance","221.3307846473"
"wavelet-HLL","glcm","Autocorrelation","12.274925404961003"
"wavelet-HLL","glcm","ClusterProminence","3.084838656435588"
"wavelet-HLL","glcm","ClusterShade","-0.04020029141261931"
"wavelet-HLL","glcm","ClusterTendency","0.9842123567180567"
"wavelet-HLL","glcm","Contrast","0.7703043318602608"
"wavelet-HLL","glcm","Correlation","0.1221405595043267"
"wavelet-HLL","glcm","DifferenceAverage","0.6117999473927166"
"wavelet-HLL","glcm","DifferenceEntropy","1.2786980631744078"
"wavelet-HLL","glcm","DifferenceVariance","0.37670237754743563"
"wavelet-HLL","glcm","Id","0.7192690700559764"
"wavelet-HLL","glcm","Idm","0.7099325795149005"
"wavelet-HLL","glcm","Idmn","0.9799200273233465"
"wavelet-HLL","glcm","Idn","0.9153703822667404"
"wavelet-HLL","glcm","Imc1","-0.048591026387793286"
"wavelet-HLL","glcm","Imc2","0.24001662728740064"
"wavelet-HLL","glcm","InverseVariance","0.48477303294335233"
"wavelet-HLL","glcm","JointAverage","3.495918080656431"
"wavelet-HLL","glcm","JointEnergy","0.18432185541652354"
"wavelet-HLL","glcm","JointEntropy","2.8331433831358"
"wavelet-HLL","glcm","MCC","0.2025871719576286"
"wavelet-HLL","glcm","MaximumProbability","0.23819975541855598"
"wavelet-HLL","glcm","SumAverage","6.991836161312863"
"wavelet-HLL","glcm","SumEntropy","2.0032575232515395"
"wavelet-HLL","glcm","SumSquares","0.43862917214457947"
"wavelet-HLL","glrlm","GrayLevelNonUniformity","7471.552493611482"
"wavelet-HLL","glrlm","GrayLevelNonUniformityNormalized","0.3768666502002299"
"wavelet-HLL","glrlm","GrayLevelVariance","0.5465621297347653"
"wavelet-HLL","glrlm","HighGrayLevelRunEmphasis","12.67721421389904"
"wavelet-HLL","glrlm","LongRunEmphasis","4.797865211115536"
"wavelet-HLL","glrlm","LongRunHighGrayLevelEmphasis","60.39265732506589"
"wavelet-HLL","glrlm","LongRunLowGrayLevelEmphasis","0.43147565282222283"
"wavelet-HLL","glrlm","LowGrayLevelRunEmphasis","0.09758917038123299"
"wavelet-HLL","glrlm","RunEntropy","3.2501211130380545"
"wavelet-HLL","glrlm","RunLengthNonUniformity","8455.38940708097"
"wavelet-HLL","glrlm","RunLengthNonUniformityNormalized","0.41285242525357646"
"wavelet-HLL","glrlm","RunPercentage","0.5781955072987864"
"wavelet-HLL","glrlm","RunVariance","1.4847916077715566"
"wavelet-HLL","glrlm","ShortRunEmphasis","0.6492200060130221"
"wavelet-HLL","glrlm","ShortRunHighGrayLevelEmphasis","8.269951278200177"
"wavelet-HLL","glrlm","ShortRunLowGrayLevelEmphasis","0.06621623313622829"
"wavelet-HLL","glszm","GrayLevelNonUniformity","370.97342995169083"
"wavelet-HLL","glszm","GrayLevelNonUniformityNormalized","0.44803554341991647"
"wavelet-HLL","glszm","GrayLevelVariance","2.418695593829494"
"wavelet-HLL","glszm","HighGrayLevelZoneEmphasis","13.977053140096618"
"wavelet-HLL","glszm","LargeAreaEmphasis","582342.0640096618"
"wavelet-HLL","glszm","LargeAreaHighGrayLevelEmphasis","7266860.153381643"
"wavelet-HLL","glszm","LargeAreaLowGrayLevelEmphasis","50639.491486849154"
"wavelet-HLL","glszm","LowGrayLevelZoneEmphasis","0.17547940150295224"
"wavelet-HLL","glszm","SizeZoneNonUniformity","159.38888888888889"
"wavelet-HLL","glszm","SizeZoneNonUniformityNormalized","0.19249865807836822"
"wavelet-HLL","glszm","SmallAreaEmphasis","0.42836224565360603"
"wavelet-HLL","glszm","SmallAreaHighGrayLevelEmphasis","6.053677121965295"
"wavelet-HLL","glszm","SmallAreaLowGrayLevelEmphasis","0.08331866447965745"
"wavelet-HLL","glszm","ZoneEntropy","4.323336412682231"
"wavelet-HLL","glszm","ZonePercentage","0.0241773002014775"
"wavelet-HLL","glszm","ZoneVariance","580631.3224973162"
"wavelet-HLL","gldm","DependenceEntropy","5.2610939563078905"
"wavelet-HLL","gldm","DependenceNonUniformity","2273.6696644961603"
"wavelet-HLL","gldm","DependenceNonUniformityNormalized","0.06639033096318393"
"wavelet-HLL","gldm","DependenceVariance","18.846424993313057"
"wavelet-HLL","gldm","GrayLevelNonUniformity","14227.389639968464"
"wavelet-HLL","gldm","GrayLevelVariance","0.44186919123403556"
"wavelet-HLL","gldm","HighGrayLevelEmphasis","12.625835839635588"
"wavelet-HLL","gldm","LargeDependenceEmphasis","162.0535229363156"
"wavelet-HLL","gldm","LargeDependenceHighGrayLevelEmphasis","2032.243203784273"
"wavelet-HLL","gldm","LargeDependenceLowGrayLevelEmphasis","14.155572264237255"
"wavelet-HLL","gldm","LowGrayLevelEmphasis","0.09361251431593359"
"wavelet-HLL","gldm","SmallDependenceEmphasis","0.024374316348019"
"wavelet-HLL","gldm","SmallDependenceHighGrayLevelEmphasis","0.3283252871921118"
"wavelet-HLL","gldm","SmallDependenceLowGrayLevelEmphasis","0.0036920519103340378"
"wavelet-HLL","ngtdm","Busyness","242.38259433066546"
"wavelet-HLL","ngtdm","Coarseness","0.00015572890717196764"
"wavelet-HLL","ngtdm","Complexity","8.210476414367685"
"wavelet-HLL","ngtdm","Contrast","0.015417768537400529"
"wavelet-HLL","ngtdm","Strength","0.002248542917493566"
"wavelet-HLH","firstorder","10Percentile","-6.766642836577086"
"wavelet-HLH","firstorder","90Percentile","7.2341346114228795"
"wavelet-HLH","firstorder","Energy","1131422.3370274946"
"wavelet-HLH","firstorder","Entropy","1.0123624203029902"
"wavelet-HLH","firstorder","InterquartileRange","7.181566021985417"
"wavelet-HLH","firstorder","Kurtosis","4.516194848936471"
"wavelet-HLH","firstorder","Maximum","54.10774886383442"
"wavelet-HLH","firstorder","MeanAbsoluteDeviation","4.430306536400979"
"wavelet-HLH","firstorder","Mean","0.2053773940909045"
"wavelet-HLH","firstorder","Median","0.02716475640098079"
"wavelet-HLH","firstorder","Minimum","-36.13894866806704"
"wavelet-HLH","firstorder","Range","90.24669753190146"
"wavelet-HLH","firstorder","RobustMeanAbsoluteDeviation","2.993022798450712"
"wavelet-HLH","firstorder","RootMeanSquared","5.747792844291001"
"wavelet-HLH","firstorder","Skewness","0.34711081593606574"
"wavelet-HLH","firstorder","TotalEnergy","540868.0785634518"
"wavelet-HLH","firstorder","Uniformity","0.4988702906749651"
"wavelet-HLH","firstorder","Variance","32.994942706879264"
"wavelet-HLH","glcm","Autocorrelation","6.246895440996503"
"wavelet-HLH","glcm","ClusterProminence","0.5428952144631357"
"wavelet-HLH","glcm","ClusterShade","0.00892470599659898"
"wavelet-HLH","glcm","ClusterTendency","0.523770305158126"
"wavelet-HLH","glcm","Contrast","0.48304342296750885"
"wavelet-HLH","glcm","Correlation","0.040381600520747324"
"wavelet-HLH","glcm","DifferenceAverage","0.48185073466744893"
"wavelet-HLH","glcm","DifferenceEntropy","0.9930173486999941"
"wavelet-HLH","glcm","DifferenceVariance","0.2468484595860805"
"wavelet-HLH","glcm","Id","0.7592659441717455"
"wavelet-HLH","glcm","Idm","0.7591939014962814"
"wavelet-HLH","glcm","Idmn","0.9814319047146662"
"wavelet-HLH","glcm","Idn","0.9197194079998641"
"wavelet-HLH","glcm","Imc1","-0.014177400468022138"
"wavelet-HLH","glcm","Imc2","0.09163881183850989"
"wavelet-HLH","glcm","InverseVariance","0.4808776812514783"
"wavelet-HLH","glcm","JointAverage","2.4973397649051132"
"wavelet-HLH","glcm","JointEnergy","0.25362523643138674"
"wavelet-HLH","glcm","JointEntropy","2.004099576028567"
"wavelet-HLH","glcm","MCC","0.12021995060609253"
"wavelet-HLH","glcm","MaximumProbability","0.26777285072183477"
"wavelet-HLH","glcm","SumAverage","4.9946795298102264"
"wavelet-HLH","glcm","SumEntropy","1.5175268233573447"
"wavelet-HLH","glcm","SumSquares","0.25170343203140866"
"wavelet-HLH","glrlm","GrayLevelNonUniformity","8986.473030574662"
"wavelet-HLH","glrlm","GrayLevelNonUniformityNormalized","0.4981763130029548"
"wavelet-HLH","glrlm","GrayLevelVariance","0.25415857268466185"
"wavelet-HLH","glrlm","HighGrayLevelRunEmphasis","6.566002494391376"
"wavelet-HLH","glrlm","LongRunEmphasis","5.698715105418357"
"wavelet-HLH","glrlm","LongRunHighGrayLevelEmphasis","36.8683319749074"
"wavelet-HLH","glrlm","LongRunLowGrayLevelEmphasis","1.0342836740081511"
"wavelet-HLH","glrlm","LowGrayLevelRunEmphasis","0.17914460175152588"
"wavelet-HLH","glrlm","RunEntropy","2.8922870695431735"
"wavelet-HLH","glrlm","RunLengthNonUniformity","6679.227051939591"
"wavelet-HLH","glrlm","RunLengthNonUniformityNormalized","0.36306926799493977"
"wavelet-HLH","glrlm","RunPercentage","0.52670531500794"
"wavelet-HLH","glrlm","RunVariance","1.7558778866858225"
"wavelet-HLH","glrlm","ShortRunEmphasis","0.5880029920040687"
"wavelet-HLH","glrlm","ShortRunHighGrayLevelEmphasis","3.888483404292328"
"wavelet-HLH","glrlm","ShortRunLowGrayLevelEmphasis","0.10472388174090035"
"wavelet-HLH","glszm","GrayLevelNonUniformity","9.461538461538462"
"wavelet-HLH","glszm","GrayLevelNonUniformityNormalized","0.363905325443787"
"wavelet-HLH","glszm","GrayLevelVariance","1.1775147928994083"
"wavelet-HLH","glszm","HighGrayLevelZoneEmphasis","11.615384615384615"
"wavelet-HLH","glszm","LargeAreaEmphasis","22492109.576923076"
"wavelet-HLH","glszm","LargeAreaHighGrayLevelEmphasis","146636128.96153846"
"wavelet-HLH","glszm","LargeAreaLowGrayLevelEmphasis","4048926.145235042"
"wavelet-HLH","glszm","LowGrayLevelZoneEmphasis","0.18262820512820516"
"wavelet-HLH","glszm","SizeZoneNonUniformity","11.615384615384615"
"wavelet-HLH","glszm","SizeZoneNonUniformityNormalized","0.4467455621301775"
"wavelet-HLH","glszm","SmallAreaEmphasis","0.6851035733874996"
"wavelet-HLH","glszm","SmallAreaHighGrayLevelEmphasis","8.059947769986092"
"wavelet-HLH","glszm","SmallAreaLowGrayLevelEmphasis","0.12015278153506195"
"wavelet-HLH","glszm","ZoneEntropy","3.0797102763173334"
"wavelet-HLH","glszm","ZonePercentage","0.0007591905860367331"
"wavelet-HLH","glszm","ZoneVariance","20757114.00147929"
"wavelet-HLH","gldm","DependenceEntropy","4.5821757077833025"
"wavelet-HLH","gldm","DependenceNonUniformity","3434.6163167576724"
"wavelet-HLH","gldm","DependenceNonUniformityNormalized","0.10028955285886858"
"wavelet-HLH","gldm","DependenceVariance","8.832666574446844"
"wavelet-HLH","gldm","GrayLevelNonUniformity","17084.810844745523"
"wavelet-HLH","gldm","GrayLevelVariance","0.2523833866605643"
"wavelet-HLH","gldm","HighGrayLevelEmphasis","6.518965164831956"
"wavelet-HLH","gldm","LargeDependenceEmphasis","185.87330277104564"
"wavelet-HLH","gldm","LargeDependenceHighGrayLevelEmphasis","1194.1610944024294"
"wavelet-HLH","gldm","LargeDependenceLowGrayLevelEmphasis","33.95140364281705"
"wavelet-HLH","gldm","LowGrayLevelEmphasis","0.18026229385866724"
"wavelet-HLH","gldm","SmallDependenceEmphasis","0.007801371863762743"
"wavelet-HLH","gldm","SmallDependenceHighGrayLevelEmphasis","0.05442522772748398"
"wavelet-HLH","gldm","SmallDependenceLowGrayLevelEmphasis","0.0013995933638317037"
"wavelet-HLH","ngtdm","Busyness","509.17065327710105"
"wavelet-HLH","ngtdm","Coarseness","0.00012266356362604461"
"wavelet-HLH","ngtdm","Complexity","5.724130963254636"
"wavelet-HLH","ngtdm","Contrast","0.012065189744513007"
"wavelet-HLH","ngtdm","Strength","0.001526455926208107"
"wavelet-HHL","firstorder","10Percentile","-9.865252106312814"
"wavelet-HHL","firstorder","90Percentile","9.811371166234453"
"wavelet-HHL","firstorder","Energy","2065970.6852513966"
"wavelet-HHL","firstorder","Entropy","1.0163939788359646"
"wavelet-HHL","firstorder","InterquartileRange","10.403444491443102"
"wavelet-HHL","firstorder","Kurtosis","3.0934354716548276"
"wavelet-HHL","firstorder","Maximum","37.40278943793975"
"wavelet-HHL","firstorder","MeanAbsoluteDeviation","6.174297755553684"
"wavelet-HHL","firstorder","Mean","-0.01688695845253998"
"wavelet-HHL","firstorder","Median","-0.030100260504667242"
"wavelet-HHL","firstorder","Minimum","-38.07296868768496"
"wavelet-HHL","firstorder","Range","75.47575812562471"
"wavelet-HHL","firstorder","RobustMeanAbsoluteDeviation","4.303100909449857"
"wavelet-HHL","firstorder","RootMeanSquared","7.766955386246964"
"wavelet-HHL","firstorder","Skewness","-0.004130797283682096"
"wavelet-HHL","firstorder","TotalEnergy","987622.003146988"
"wavelet-HHL","firstorder","Uniformity","0.4984921610337582"
"wavelet-HHL","firstorder","Variance","60.325310802584944"
"wavelet-HHL","glcm","Autocorrelation","6.245083276028239"
"wavelet-HHL","glcm","ClusterProminence","0.5363651933673546"
"wavelet-HHL","glcm","ClusterShade","0.002500091599811494"
"wavelet-HHL","glcm","ClusterTendency","0.5179697750593182"
"wavelet-HHL","glcm","Contrast","0.4931040008440201"
"wavelet-HHL","glcm","Correlation","0.02460020311524625"
"wavelet-HHL","glcm","DifferenceAverage","0.4904401330263094"
"wavelet-HHL","glcm","DifferenceEntropy","0.9931113393900498"
"wavelet-HHL","glcm","DifferenceVariance","0.24601271302423425"
"wavelet-HHL","glcm","Id","0.7552232908688417"
"wavelet-HHL","glcm","Idm","0.7550463202686164"
"wavelet-HHL","glcm","Idmn","0.9710410494376368"
"wavelet-HHL","glcm","Idn","0.9020006980643622"
"wavelet-HHL","glcm","Imc1","-0.020341901695819765"
"wavelet-HHL","glcm","Imc2","0.11226773409071125"
"wavelet-HHL","glcm","InverseVariance","0.48811510979113126"
"wavelet-HHL","glcm","JointAverage","2.497772348152793"
"wavelet-HHL","glcm","JointEnergy","0.25525126430137274"
"wavelet-HHL","glcm","JointEntropy","2.009652076178569"
"wavelet-HHL","glcm","MCC","0.09653069306079112"
"wavelet-HHL","glcm","MaximumProbability","0.2735374802727043"
"wavelet-HHL","glcm","SumAverage","4.995544696305586"
"wavelet-HHL","glcm","SumEntropy","1.5075760671769414"
"wavelet-HHL","glcm","SumSquares","0.2527684439758346"
"wavelet-HHL","glrlm","GrayLevelNonUniformity","9103.118620223455"
"wavelet-HHL","glrlm","GrayLevelNonUniformityNormalized","0.497148185639638"
"wavelet-HHL","glrlm","GrayLevelVariance","0.25572131715454877"
"wavelet-HHL","glrlm","HighGrayLevelRunEmphasis","6.505817167043771"
"wavelet-HHL","glrlm","LongRunEmphasis","5.647992986561679"
"wavelet-HHL","glrlm","LongRunHighGrayLevelEmphasis","36.57269268779004"
"wavelet-HHL","glrlm","LongRunLowGrayLevelEmphasis","1.0248946905212248"
"wavelet-HHL","glrlm","LowGrayLevelRunEmphasis","0.18155419586204413"
"wavelet-HHL","glrlm","RunEntropy","2.857905754652983"
"wavelet-HHL","glrlm","RunLengthNonUniformity","6989.056961855347"
"wavelet-HHL","glrlm","RunLengthNonUniformityNormalized","0.3733415625089719"
"wavelet-HHL","glrlm","RunPercentage","0.5346026940035175"
"wavelet-HHL","glrlm","RunVariance","1.739679831736204"
"wavelet-HHL","glrlm","ShortRunEmphasis","0.5951154031932524"
"wavelet-HHL","glrlm","ShortRunHighGrayLevelEmphasis","3.876203029665186"
"wavelet-HHL","glrlm","ShortRunLowGrayLevelEmphasis","0.10836831400363103"
"wavelet-HHL","glszm","GrayLevelNonUniformity","20.217391304347824"
"wavelet-HHL","glszm","GrayLevelNonUniformityNormalized","0.43950850661625707"
"wavelet-HHL","glszm","GrayLevelVariance","2.119092627599244"
"wavelet-HHL","glszm","HighGrayLevelZoneEmphasis","8.478260869565217"
"wavelet-HHL","glszm","LargeAreaEmphasis","12709226.326086957"
"wavelet-HHL","glszm","LargeAreaHighGrayLevelEmphasis","82353518.7826087"
"wavelet-HHL","glszm","LargeAreaLowGrayLevelEmphasis","2301845.725543478"
"wavelet-HHL","glszm","LowGrayLevelZoneEmphasis","0.49969806763285024"
"wavelet-HHL","glszm","SizeZoneNonUniformity","28.434782608695652"
"wavelet-HHL","glszm","SizeZoneNonUniformityNormalized","0.6181474480151229"
"wavelet-HHL","glszm","SmallAreaEmphasis","0.809782608844401"
"wavelet-HHL","glszm","SmallAreaHighGrayLevelEmphasis","7.070652174882912"
"wavelet-HHL","glszm","SmallAreaLowGrayLevelEmphasis","0.406250000026774"
"wavelet-HHL","glszm","ZoneEntropy","2.0742512930048704"
"wavelet-HHL","glszm","ZonePercentage","0.001343183344526528"
"wavelet-HHL","glszm","ZoneVariance","12154946.076086957"
"wavelet-HHL","gldm","DependenceEntropy","4.560479278778373"
"wavelet-HHL","gldm","DependenceNonUniformity","3455.4987882150263"
"wavelet-HHL","gldm","DependenceNonUniformityNormalized","0.10089931346439181"
"wavelet-HHL","gldm","DependenceVariance","8.620178884909576"
"wavelet-HHL","gldm","GrayLevelNonUniformity","17071.861038923118"
"wavelet-HHL","gldm","GrayLevelVariance","0.25303264398192293"
"wavelet-HHL","gldm","HighGrayLevelEmphasis","6.4928898881653865"
"wavelet-HHL","gldm","LargeDependenceEmphasis","180.2388238385844"
"wavelet-HHL","gldm","LargeDependenceHighGrayLevelEmphasis","1165.8413291675183"
"wavelet-HHL","gldm","LargeDependenceLowGrayLevelEmphasis","32.70306360978902"
"wavelet-HHL","gldm","LowGrayLevelEmphasis","0.18136990101322745"
"wavelet-HHL","gldm","SmallDependenceEmphasis","0.00840399334329269"
"wavelet-HHL","gldm","SmallDependenceHighGrayLevelEmphasis","0.0571429768746115"
"wavelet-HHL","gldm","SmallDependenceLowGrayLevelEmphasis","0.001892764939131621"
"wavelet-HHL","ngtdm","Busyness","760.7687462473245"
"wavelet-HHL","ngtdm","Coarseness","0.00012010498105681517"
"wavelet-HHL","ngtdm","Complexity","3.4110264541980633"
"wavelet-HHL","ngtdm","Contrast","0.02062998450892442"
"wavelet-HHL","ngtdm","Strength","0.0007177338970305295"
"wavelet-HHH","firstorder","10Percentile","-3.6790153572981517"
"wavelet-HHH","firstorder","90Percentile","3.6389374462168256"
"wavelet-HHH","firstorder","Energy","289137.5649829581"
"wavelet-HHH","firstorder","Entropy","0.9999972391083816"
"wavelet-HHH","firstorder","InterquartileRange","3.8316684285615343"
"wavelet-HHH","firstorder","Kurtosis","3.4229447950323135"
"wavelet-HHH","firstorder","Maximum","14.994941670718363"
"wavelet-HHH","firstorder","MeanAbsoluteDeviation","2.2926621033547216"
"wavelet-HHH","firstorder","Mean","-0.027149626628567257"
"wavelet-HHH","firstorder","Median","-0.007829860431130584"
"wavelet-HHH","firstorder","Minimum","-19.182796599076983"
"wavelet-HHH","firstorder","Range","34.17773826979535"
"wavelet-HHH","firstorder","RobustMeanAbsoluteDeviation","1.5866702755741413"
"wavelet-HHH","firstorder","RootMeanSquared","2.905634561996914"
"wavelet-HHH","firstorder","Skewness","-0.06809904916017469"
"wavelet-HHH","firstorder","TotalEnergy","138220.07405626058"
"wavelet-HHH","firstorder","Uniformity","0.5000019137030199"
"wavelet-HHH","firstorder","Variance","8.441975105644927"
"wavelet-HHH","glcm","Autocorrelation","2.249582695488997"
"wavelet-HHH","glcm","ClusterProminence","0.49807577445491735"
"wavelet-HHH","glcm","ClusterShade","-0.0001764797439804848"
"wavelet-HHH","glcm","ClusterTendency","0.4980758334147256"
"wavelet-HHH","glcm","Contrast","0.5019191489132697"
"wavelet-HHH","glcm","Correlation","-0.0038433351522909895"
"wavelet-HHH","glcm","DifferenceAverage","0.5019191489132697"
"wavelet-HHH","glcm","DifferenceEntropy","0.9991313804079776"
"wavelet-HHH","glcm","DifferenceVariance","0.24969916571376696"
"wavelet-HHH","glcm","Id","0.749040425543365"
"wavelet-HHH","glcm","Idm","0.749040425543365"
"wavelet-HHH","glcm","Idmn","0.8996161702173461"
"wavelet-HHH","glcm","Idn","0.8326936170289099"
"wavelet-HHH","glcm","Imc1","-0.0008686530842049146"
"wavelet-HHH","glcm","Imc2","0.030530029908599494"
"wavelet-HHH","glcm","InverseVariance","0.5019191489132697"
"wavelet-HHH","glcm","JointAverage","1.5001807566485441"
"wavelet-HHH","glcm","JointEnergy","0.25030334312223534"
"wavelet-HHH","glcm","JointEntropy","1.9991241093125167"
"wavelet-HHH","glcm","MCC","0.02543823391391929"
"wavelet-HHH","glcm","MaximumProbability","0.25671059388039763"
"wavelet-HHH","glcm","SumAverage","3.0003615132970882"
"wavelet-HHH","glcm","SumEntropy","1.497204960399247"
"wavelet-HHH","glcm","SumSquares","0.24999874558199883"
"wavelet-HHH","glrlm","GrayLevelNonUniformity","9354.351724194476"
"wavelet-HHH","glrlm","GrayLevelNonUniformityNormalized","0.5000143844495508"
"wavelet-HHH","glrlm","GrayLevelVariance","0.24999280777522456"
"wavelet-HHH","glrlm","HighGrayLevelRunEmphasis","2.493918403780201"
"wavelet-HHH","glrlm","LongRunEmphasis","4.892728146919921"
"wavelet-HHH","glrlm","LongRunHighGrayLevelEmphasis","12.226931195984546"
"wavelet-HHH","glrlm","LongRunLowGrayLevelEmphasis","3.0591773846537644"
"wavelet-HHH","glrlm","LowGrayLevelRunEmphasis","0.6265203990549497"
"wavelet-HHH","glrlm","RunEntropy","2.7604067868073816"
"wavelet-HHH","glrlm","RunLengthNonUniformity","7324.819555351341"
"wavelet-HHH","glrlm","RunLengthNonUniformityNormalized","0.3915054454640487"
"wavelet-HHH","glrlm","RunPercentage","0.5462713185433423"
"wavelet-HHH","glrlm","RunVariance","1.5311251961184202"
"wavelet-HHH","glrlm","ShortRunEmphasis","0.6171094528769431"
"wavelet-HHH","glrlm","ShortRunHighGrayLevelEmphasis","1.5367705352287748"
"wavelet-HHH","glrlm","ShortRunLowGrayLevelEmphasis","0.38719418228898494"
"wavelet-HHH","glszm","GrayLevelNonUniformity","1.6666666666666667"
"wavelet-HHH","glszm","GrayLevelNonUniformityNormalized","0.5555555555555556"
"wavelet-HHH","glszm","GrayLevelVariance","0.2222222222222222"
"wavelet-HHH","glszm","HighGrayLevelZoneEmphasis","3.0"
"wavelet-HHH","glszm","LargeAreaEmphasis","195454132.33333334"
"wavelet-HHH","glszm","LargeAreaHighGrayLevelEmphasis","487453880.3333333"
"wavelet-HHH","glszm","LargeAreaLowGrayLevelEmphasis","122454195.33333333"
"wavelet-HHH","glszm","LowGrayLevelZoneEmphasis","0.5"
"wavelet-HHH","glszm","SizeZoneNonUniformity","1.0"
"wavelet-HHH","glszm","SizeZoneNonUniformityNormalized","0.3333333333333333"
"wavelet-HHH","glszm","SmallAreaEmphasis","0.0833333356072769"
"wavelet-HHH","glszm","SmallAreaHighGrayLevelEmphasis","0.33333333903193746"
"wavelet-HHH","glszm","SmallAreaLowGrayLevelEmphasis","0.020833334751111755"
"wavelet-HHH","glszm","ZoneEntropy","1.5849625007211552"
"wavelet-HHH","glszm","ZonePercentage","8.759891377346921e-05"
"wavelet-HHH","glszm","ZoneVariance","65136686.88888889"
"wavelet-HHH","gldm","DependenceEntropy","4.355559365541011"
"wavelet-HHH","gldm","DependenceNonUniformity","4042.343008146699"
"wavelet-HHH","gldm","DependenceNonUniformityNormalized","0.11803495220447628"
"wavelet-HHH","gldm","DependenceVariance","6.845678760828379"
"wavelet-HHH","gldm","GrayLevelNonUniformity","17123.56553858732"
"wavelet-HHH","gldm","GrayLevelVariance","0.24999904314849009"
"wavelet-HHH","gldm","HighGrayLevelEmphasis","2.497065436388589"
"wavelet-HHH","gldm","LargeDependenceEmphasis","170.607498467019"
"wavelet-HHH","gldm","LargeDependenceHighGrayLevelEmphasis","427.32189680847955"
"wavelet-HHH","gldm","LargeDependenceLowGrayLevelEmphasis","106.42889888165386"
"wavelet-HHH","gldm","LowGrayLevelEmphasis","0.6257336409028528"
"wavelet-HHH","gldm","SmallDependenceEmphasis","0.007433038176647908"
"wavelet-HHH","gldm","SmallDependenceHighGrayLevelEmphasis","0.018588977241687968"
"wavelet-HHH","gldm","SmallDependenceLowGrayLevelEmphasis","0.004644053410387892"
"wavelet-HHH","ngtdm","Busyness","8646.593548633986"
"wavelet-HHH","ngtdm","Coarseness","0.0001163352679392996"
"wavelet-HHH","ngtdm","Complexity","0.5019911578271392"
"wavelet-HHH","ngtdm","Contrast","0.12549699965673217"
"wavelet-HHH","ngtdm","Strength","0.00011633555481600236"
"wavelet-LLL","firstorder","10Percentile","164.02244720034938"
"wavelet-LLL","firstorder","90Percentile","266.7979902917429"
"wavelet-LLL","firstorder","Energy","1660759892.0986853"
"wavelet-LLL","firstorder","Entropy","2.756203058390632"
"wavelet-LLL","firstorder","InterquartileRange","54.14491776387544"
"wavelet-LLL","firstorder","Kurtosis","3.1309653578977064"
"wavelet-LLL","firstorder","Maximum","361.9669709997955"
"wavelet-LLL","firstorder","MeanAbsoluteDeviation","32.11215528894676"
"wavelet-LLL","firstorder","Mean","216.4751317502051"
"wavelet-LLL","firstorder","Median","217.86485005158897"
"wavelet-LLL","firstorder","Minimum","46.700702959689536"
"wavelet-LLL","firstorder","Range","315.26626804010596"
"wavelet-LLL","firstorder","RobustMeanAbsoluteDeviation","22.394487430167604"
"wavelet-LLL","firstorder","RootMeanSquared","220.21259620829198"
"wavelet-LLL","firstorder","Skewness","-0.2206484122664711"
"wavelet-LLL","firstorder","TotalEnergy","793913981.0113481"
"wavelet-LLL","firstorder","Uniformity","0.17348150664460069"
"wavelet-LLL","firstorder","Variance","1632.1048625275896"
"wavelet-LLL","glcm","Autocorrelation","67.79148088248962"
"wavelet-LLL","glcm","ClusterProminence","222.31266109161822"
"wavelet-LLL","glcm","ClusterShade","-4.911380232636777"
"wavelet-LLL","glcm","ClusterTendency","8.517846565611888"
"wavelet-LLL","glcm","Contrast","1.9575461642788468"
"wavelet-LLL","glcm","Correlation","0.6260473303158517"
"wavelet-LLL","glcm","DifferenceAverage","1.0443617943353873"
"wavelet-LLL","glcm","DifferenceEntropy","1.806284181302556"
"wavelet-LLL","glcm","DifferenceVariance","0.8446186073184736"
"wavelet-LLL","glcm","Id","0.6010345979796111"
"wavelet-LLL","glcm","Idm","0.5657793506205467"
"wavelet-LLL","glcm","Idmn","0.9903359862839458"
"wavelet-LLL","glcm","Idn","0.9339874417847729"
"wavelet-LLL","glcm","Imc1","-0.14164244705142492"
"wavelet-LLL","glcm","Imc2","0.7146739389705782"
"wavelet-LLL","glcm","InverseVariance","0.4956015858263758"
"wavelet-LLL","glcm","JointAverage","8.133349039559356"
"wavelet-LLL","glcm","JointEnergy","0.041179935858259964"
"wavelet-LLL","glcm","JointEntropy","5.088146690335307"
"wavelet-LLL","glcm","MCC","0.6306752688735384"
"wavelet-LLL","glcm","MaximumProbability","0.08212446394058004"
"wavelet-LLL","glcm","SumAverage","16.26669807911872"
"wavelet-LLL","glcm","SumEntropy","3.5855613156899317"
"wavelet-LLL","glcm","SumSquares","2.618848182472684"
"wavelet-LLL","glrlm","GrayLevelNonUniformity","4111.829953897922"
"wavelet-LLL","glrlm","GrayLevelNonUniformityNormalized","0.16562071152352997"
"wavelet-LLL","glrlm","GrayLevelVariance","2.9322533865701"
"wavelet-LLL","glrlm","HighGrayLevelRunEmphasis","69.59704884859063"
"wavelet-LLL","glrlm","LongRunEmphasis","2.502471847845556"
"wavelet-LLL","glrlm","LongRunHighGrayLevelEmphasis","172.17427470395612"
"wavelet-LLL","glrlm","LongRunLowGrayLevelEmphasis","0.0431947866401831"
"wavelet-LLL","glrlm","LowGrayLevelRunEmphasis","0.017982996230836035"
"wavelet-LLL","glrlm","RunEntropy","3.9728593759300375"
"wavelet-LLL","glrlm","RunLengthNonUniformity","14351.73319180201"
"wavelet-LLL","glrlm","RunLengthNonUniformityNormalized","0.5748831931236551"
"wavelet-LLL","glrlm","RunPercentage","0.7249124572393764"
"wavelet-LLL","glrlm","RunVariance","0.5751882394650214"
"wavelet-LLL","glrlm","ShortRunEmphasis","0.7849799851729256"
"wavelet-LLL","glrlm","ShortRunHighGrayLevelEmphasis","54.80934798665435"
"wavelet-LLL","glrlm","ShortRunLowGrayLevelEmphasis","0.0143176817180108"
"wavelet-LLL","glszm","GrayLevelNonUniformity","112.44668008048289"
"wavelet-LLL","glszm","GrayLevelNonUniformityNormalized","0.11312543267654215"
"wavelet-LLL","glszm","GrayLevelVariance","9.88902934710881"
"wavelet-LLL","glszm","HighGrayLevelZoneEmphasis","72.0513078470825"
"wavelet-LLL","glszm","LargeAreaEmphasis","185037.53822937625"
"wavelet-LLL","glszm","LargeAreaHighGrayLevelEmphasis","12896471.441649899"
"wavelet-LLL","glszm","LargeAreaLowGrayLevelEmphasis","2821.376616140029"
"wavelet-LLL","glszm","LowGrayLevelZoneEmphasis","0.03088950435070592"
"wavelet-LLL","glszm","SizeZoneNonUniformity","218.07042253521126"
"wavelet-LLL","glszm","SizeZoneNonUniformityNormalized","0.2193867429931703"
"wavelet-LLL","glszm","SmallAreaEmphasis","0.4779647938438888"
"wavelet-LLL","glszm","SmallAreaHighGrayLevelEmphasis","33.917160621938"
"wavelet-LLL","glszm","SmallAreaLowGrayLevelEmphasis","0.01633911089626804"
"wavelet-LLL","glszm","ZoneEntropy","6.2344125692306624"
"wavelet-LLL","glszm","ZonePercentage","0.0290244400969428"
"wavelet-LLL","glszm","ZoneVariance","183850.47924670763"
"wavelet-LLL","gldm","DependenceEntropy","6.46574496185602"
"wavelet-LLL","gldm","DependenceNonUniformity","2785.66756212223"
"wavelet-LLL","gldm","DependenceNonUniformityNormalized","0.08134048419196513"
"wavelet-LLL","gldm","DependenceVariance","12.243784275325927"
"wavelet-LLL","gldm","GrayLevelNonUniformity","5941.22115805764"
"wavelet-LLL","gldm","GrayLevelVariance","2.693281683752124"
"wavelet-LLL","gldm","HighGrayLevelEmphasis","69.29293076765848"
"wavelet-LLL","gldm","LargeDependenceEmphasis","78.70339007796304"
"wavelet-LLL","gldm","LargeDependenceHighGrayLevelEmphasis","5354.078167430724"
"wavelet-LLL","gldm","LargeDependenceLowGrayLevelEmphasis","1.3126031319891323"
"wavelet-LLL","gldm","LowGrayLevelEmphasis","0.017679817893400278"
"wavelet-LLL","gldm","SmallDependenceEmphasis","0.04150079977592867"
"wavelet-LLL","gldm","SmallDependenceHighGrayLevelEmphasis","2.940083045071822"
"wavelet-LLL","gldm","SmallDependenceLowGrayLevelEmphasis","0.0010031939178651993"
"wavelet-LLL","ngtdm","Busyness","21.753102577829683"
"wavelet-LLL","ngtdm","Coarseness","0.0003146398366786781"
"wavelet-LLL","ngtdm","Complexity","55.6660692958887"
"wavelet-LLL","ngtdm","Contrast","0.01900620065608638"
"wavelet-LLL","ngtdm","Strength","0.0246737275194583"
