"Image type","Feature Class","Feature Name","CHEONGWON_SONG..ABDOMEN_00_LIVE.OBJ1.OBJ1.2022.02.24.19.04.53_segment_CHEONGWON_SONG..ABDOMEN_00_LIVE.OBJ1.OBJ1.2022.02.24.19.04.53"
"diagnostics","Versions","PyRadiomics","v3.0.1.post4+gad5b2de"
"diagnostics","Versions","Numpy","1.19.2"
"diagnostics","Versions","SimpleITK","2.0.2"
"diagnostics","Versions","PyWavelet","1.1.1"
"diagnostics","Versions","Python","3.6.7"
"diagnostics","Configuration","Settings","{'minimumROIDimensions': 2, 'minimumROISize': None, 'normalize': False, 'normalizeScale': 1, 'removeOutliers': None, 'resampledPixelSpacing': None, 'interpolator': 'sitkBSpline', 'preCrop': False, 'padDistance': 5, 'distances': [1], 'force2D': False, 'force2Ddimension': 0, 'resegmentRange': None, 'label': 1, 'additionalInfo': True, 'binWidth': 25, 'correctMask': True}"
"diagnostics","Configuration","EnabledImageTypes","{'Original': {}, 'Wavelet': {}}"
"diagnostics","Image-original","Hash","ec625741e45fdbc97730092cb57bdc62fbc5a1f2"
"diagnostics","Image-original","Dimensionality","3D"
"diagnostics","Image-original","Spacing","(0.75390625, 0.75390625, 1.0)"
"diagnostics","Image-original","Size","(512, 512, 382)"
"diagnostics","Image-original","Mean","-401.09110858178263"
"diagnostics","Image-original","Minimum","-1024.0"
"diagnostics","Image-original","Maximum","2071.0"
"diagnostics","Mask-original","Hash","1413d5af62c23a69d9c690251c25aa363bbca02e"
"diagnostics","Mask-original","Spacing","(0.75390625, 0.75390625, 1.0)"
"diagnostics","Mask-original","Size","(512, 512, 382)"
"diagnostics","Mask-original","BoundingBox","(69, 289, 221, 32, 27, 19)"
"diagnostics","Mask-original","VoxelNum","5998"
"diagnostics","Mask-original","VolumeNum","1"
"diagnostics","Mask-original","CenterOfMassIndex","(85.66838946315438, 302.54151383794596, 230.01467155718572)"
"diagnostics","Mask-original","CenterOfMass","(-118.03711263129377, -144.03510870811107, 481.0146715571857)"
"original","shape","Elongation","0.6995596454580509"
"original","shape","Flatness","0.6521328651294116"
"original","shape","LeastAxisLength","14.433257130065918"
"original","shape","MajorAxisLength","22.132387281542282"
"original","shape","Maximum2DDiameterColumn","25.41683743112034"
"original","shape","Maximum2DDiameterRow","20.380017370753798"
"original","shape","Maximum2DDiameterSlice","24.69546480744317"
"original","shape","Maximum3DDiameter","25.59009746716308"
"original","shape","MeshVolume","3388.791660308838"
"original","shape","MinorAxisLength","15.482924999815994"
"original","shape","Sphericity","0.7479759428125545"
"original","shape","SurfaceArea","1458.6790350061033"
"original","shape","SurfaceVolumeRatio","0.43044222874213706"
"original","shape","VoxelVolume","3409.111053466797"
"original","firstorder","10Percentile","73.0"
"original","firstorder","90Percentile","137.0"
"original","firstorder","Energy","69493985.0"
"original","firstorder","Entropy","2.093606323215639"
"original","firstorder","InterquartileRange","34.0"
"original","firstorder","Kurtosis","3.0532406461750696"
"original","firstorder","Maximum","193.0"
"original","firstorder","MeanAbsoluteDeviation","19.904397886991564"
"original","firstorder","Mean","104.716072024008"
"original","firstorder","Median","105.0"
"original","firstorder","Minimum","-12.0"
"original","firstorder","Range","205.0"
"original","firstorder","RobustMeanAbsoluteDeviation","14.133951240018963"
"original","firstorder","RootMeanSquared","107.63917919434607"
"original","firstorder","Skewness","-0.12197596428194196"
"original","firstorder","TotalEnergy","39498618.2749176"
"original","firstorder","Uniformity","0.272493020625637"
"original","firstorder","Variance","620.7371574953128"
"original","glcm","Autocorrelation","32.543962247326135"
"original","glcm","ClusterProminence","25.73507824049688"
"original","glcm","ClusterShade","-0.6360145146423639"
"original","glcm","ClusterTendency","2.8593712680455594"
"original","glcm","Contrast","1.5270487415596665"
"original","glcm","Correlation","0.3043233201028518"
"original","glcm","DifferenceAverage","0.9221434793831598"
"original","glcm","DifferenceEntropy","1.659696355725901"
"original","glcm","DifferenceVariance","0.6600046713968968"
"original","glcm","Id","0.6269764155263686"
"original","glcm","Idm","0.5986283860099989"
"original","glcm","Idmn","0.9821633287340764"
"original","glcm","Idn","0.9130395359279573"
"original","glcm","Imc1","-0.047760797205793945"
"original","glcm","Imc2","0.36936664314544776"
"original","glcm","InverseVariance","0.5079103201374197"
"original","glcm","JointAverage","5.675461150573545"
"original","glcm","JointEnergy","0.07766102495240115"
"original","glcm","JointEntropy","4.123454274667231"
"original","glcm","MCC","0.326366984829308"
"original","glcm","MaximumProbability","0.14315417508355682"
"original","glcm","SumAverage","11.35092230114709"
"original","glcm","SumEntropy","2.7966771547072784"
"original","glcm","SumSquares","1.0966050024013063"
"original","glrlm","GrayLevelNonUniformity","1078.2198670315781"
"original","glrlm","GrayLevelNonUniformityNormalized","0.25420095388179703"
"original","glrlm","GrayLevelVariance","1.2067886804160355"
"original","glrlm","HighGrayLevelRunEmphasis","33.90586603864118"
"original","glrlm","LongRunEmphasis","2.663200335627593"
"original","glrlm","LongRunHighGrayLevelEmphasis","88.57870976865405"
"original","glrlm","LongRunLowGrayLevelEmphasis","0.09064849598195726"
"original","glrlm","LowGrayLevelRunEmphasis","0.03512562164918912"
"original","glrlm","RunEntropy","3.3792689208477125"
"original","glrlm","RunLengthNonUniformity","2364.3497074726006"
"original","glrlm","RunLengthNonUniformityNormalized","0.5532442380068978"
"original","glrlm","RunPercentage","0.7075050657911611"
"original","glrlm","RunVariance","0.6306823672605014"
"original","glrlm","ShortRunEmphasis","0.7695526066455322"
"original","glrlm","ShortRunHighGrayLevelEmphasis","26.274684495394546"
"original","glrlm","ShortRunLowGrayLevelEmphasis","0.0273463556736678"
"original","glszm","GrayLevelNonUniformity","41.6524064171123"
"original","glszm","GrayLevelNonUniformityNormalized","0.22274014126798022"
"original","glszm","GrayLevelVariance","4.482141325173725"
"original","glszm","HighGrayLevelZoneEmphasis","37.406417112299465"
"original","glszm","LargeAreaEmphasis","49885.433155080216"
"original","glszm","LargeAreaHighGrayLevelEmphasis","1676140.5026737968"
"original","glszm","LargeAreaLowGrayLevelEmphasis","1566.7060346537608"
"original","glszm","LowGrayLevelZoneEmphasis","0.053395492035197924"
"original","glszm","SizeZoneNonUniformity","56.711229946524064"
"original","glszm","SizeZoneNonUniformityNormalized","0.3032686093397009"
"original","glszm","SmallAreaEmphasis","0.5681913796028835"
"original","glszm","SmallAreaHighGrayLevelEmphasis","21.161074330089626"
"original","glszm","SmallAreaLowGrayLevelEmphasis","0.03316006184180728"
"original","glszm","ZoneEntropy","4.555339191520487"
"original","glszm","ZonePercentage","0.031177059019673225"
"original","glszm","ZoneVariance","48856.63610626555"
"original","gldm","DependenceEntropy","5.784389524303481"
"original","gldm","DependenceNonUniformity","444.7625875291764"
"original","gldm","DependenceNonUniformityNormalized","0.07415181519326049"
"original","gldm","DependenceVariance","14.070946623199172"
"original","gldm","GrayLevelNonUniformity","1634.413137712571"
"original","gldm","GrayLevelVariance","1.069283292274484"
"original","gldm","HighGrayLevelEmphasis","33.63421140380127"
"original","gldm","LargeDependenceEmphasis","88.11470490163387"
"original","gldm","LargeDependenceHighGrayLevelEmphasis","2881.052684228076"
"original","gldm","LargeDependenceLowGrayLevelEmphasis","2.9286890223853486"
"original","gldm","LowGrayLevelEmphasis","0.03465287326291094"
"original","gldm","SmallDependenceEmphasis","0.043572357744346306"
"original","gldm","SmallDependenceHighGrayLevelEmphasis","1.5822167478700455"
"original","gldm","SmallDependenceLowGrayLevelEmphasis","0.0019624499095756676"
"original","ngtdm","Busyness","12.759620149254637"
"original","ngtdm","Coarseness","0.0012018241470365977"
"original","ngtdm","Complexity","23.75692127349795"
"original","ngtdm","Contrast","0.01934653468535696"
"original","ngtdm","Strength","0.03794256922230878"
"wavelet-LLH","firstorder","10Percentile","-17.515670637220865"
"wavelet-LLH","firstorder","90Percentile","22.383560344240884"
"wavelet-LLH","firstorder","Energy","1530424.7770940708"
"wavelet-LLH","firstorder","Entropy","1.5179763447234849"
"wavelet-LLH","firstorder","InterquartileRange","21.357432291332668"
"wavelet-LLH","firstorder","Kurtosis","3.136562540987196"
"wavelet-LLH","firstorder","Maximum","64.68109963971706"
"wavelet-LLH","firstorder","MeanAbsoluteDeviation","12.584837087268326"
"wavelet-LLH","firstorder","Mean","2.2911593419287075"
"wavelet-LLH","firstorder","Median","2.302281113020393"
"wavelet-LLH","firstorder","Minimum","-56.48352941907638"
"wavelet-LLH","firstorder","Range","121.16462905879345"
"wavelet-LLH","firstorder","RobustMeanAbsoluteDeviation","8.81231795948068"
"wavelet-LLH","firstorder","RootMeanSquared","15.973598471594382"
"wavelet-LLH","firstorder","Skewness","0.02309627474278744"
"wavelet-LLH","firstorder","TotalEnergy","869854.6222225501"
"wavelet-LLH","firstorder","Uniformity","0.40359290598255443"
"wavelet-LLH","firstorder","Variance","249.90643700161513"
"wavelet-LLH","glcm","Autocorrelation","12.932212697450394"
"wavelet-LLH","glcm","ClusterProminence","4.035674607579274"
"wavelet-LLH","glcm","ClusterShade","0.034373873105629435"
"wavelet-LLH","glcm","ClusterTendency","1.1351404381594432"
"wavelet-LLH","glcm","Contrast","0.7857625008256192"
"wavelet-LLH","glcm","Correlation","0.18211390728220486"
"wavelet-LLH","glcm","DifferenceAverage","0.6188472400836638"
"wavelet-LLH","glcm","DifferenceEntropy","1.31100036929182"
"wavelet-LLH","glcm","DifferenceVariance","0.39422271130970016"
"wavelet-LLH","glcm","Id","0.7170857405032192"
"wavelet-LLH","glcm","Idm","0.7072252582741572"
"wavelet-LLH","glcm","Idmn","0.9795439118735982"
"wavelet-LLH","glcm","Idn","0.9145099954866327"
"wavelet-LLH","glcm","Imc1","-0.03554411770164255"
"wavelet-LLH","glcm","Imc2","0.23024703881065742"
"wavelet-LLH","glcm","InverseVariance","0.48486855662313305"
"wavelet-LLH","glcm","JointAverage","3.5839730524850117"
"wavelet-LLH","glcm","JointEnergy","0.16949120407272034"
"wavelet-LLH","glcm","JointEntropy","2.97932690466635"
"wavelet-LLH","glcm","MCC","0.1876513181519028"
"wavelet-LLH","glcm","MaximumProbability","0.2559005857562165"
"wavelet-LLH","glcm","SumAverage","7.1679461049700235"
"wavelet-LLH","glcm","SumEntropy","2.1249147756696285"
"wavelet-LLH","glcm","SumSquares","0.48022573474626556"
"wavelet-LLH","glrlm","GrayLevelNonUniformity","1281.4373182182837"
"wavelet-LLH","glrlm","GrayLevelNonUniformityNormalized","0.36038721630626913"
"wavelet-LLH","glrlm","GrayLevelVariance","0.6028069319199397"
"wavelet-LLH","glrlm","HighGrayLevelRunEmphasis","13.463297253886433"
"wavelet-LLH","glrlm","LongRunEmphasis","4.278321430448876"
"wavelet-LLH","glrlm","LongRunHighGrayLevelEmphasis","56.85736320422315"
"wavelet-LLH","glrlm","LongRunLowGrayLevelEmphasis","0.3645800275932833"
"wavelet-LLH","glrlm","LowGrayLevelRunEmphasis","0.09203704125191384"
"wavelet-LLH","glrlm","RunEntropy","3.2485699736793348"
"wavelet-LLH","glrlm","RunLengthNonUniformity","1565.720804410485"
"wavelet-LLH","glrlm","RunLengthNonUniformityNormalized","0.43324433381857774"
"wavelet-LLH","glrlm","RunPercentage","0.592748865006284"
"wavelet-LLH","glrlm","RunVariance","1.3091270610158596"
"wavelet-LLH","glrlm","ShortRunEmphasis","0.6728727098908499"
"wavelet-LLH","glrlm","ShortRunHighGrayLevelEmphasis","9.15771262901638"
"wavelet-LLH","glrlm","ShortRunLowGrayLevelEmphasis","0.06416772548346196"
"wavelet-LLH","glszm","GrayLevelNonUniformity","67.19047619047619"
"wavelet-LLH","glszm","GrayLevelNonUniformityNormalized","0.39994331065759636"
"wavelet-LLH","glszm","GrayLevelVariance","2.487528344671202"
"wavelet-LLH","glszm","HighGrayLevelZoneEmphasis","16.107142857142858"
"wavelet-LLH","glszm","LargeAreaEmphasis","85036.97619047618"
"wavelet-LLH","glszm","LargeAreaHighGrayLevelEmphasis","1118001.119047619"
"wavelet-LLH","glszm","LargeAreaLowGrayLevelEmphasis","7002.128050595238"
"wavelet-LLH","glszm","LowGrayLevelZoneEmphasis","0.14566964285714284"
"wavelet-LLH","glszm","SizeZoneNonUniformity","37.392857142857146"
"wavelet-LLH","glszm","SizeZoneNonUniformityNormalized","0.2225765306122449"
"wavelet-LLH","glszm","SmallAreaEmphasis","0.4698335229528577"
"wavelet-LLH","glszm","SmallAreaHighGrayLevelEmphasis","7.798718504807122"
"wavelet-LLH","glszm","SmallAreaLowGrayLevelEmphasis","0.07086704969743045"
"wavelet-LLH","glszm","ZoneEntropy","4.202751061396838"
"wavelet-LLH","glszm","ZonePercentage","0.028009336445481828"
"wavelet-LLH","glszm","ZoneVariance","83762.31618480726"
"wavelet-LLH","gldm","DependenceEntropy","5.333789785660165"
"wavelet-LLH","gldm","DependenceNonUniformity","376.54284761587195"
"wavelet-LLH","gldm","DependenceNonUniformityNormalized","0.06277806729174257"
"wavelet-LLH","gldm","DependenceVariance","20.808351255464615"
"wavelet-LLH","gldm","GrayLevelNonUniformity","2420.750250083361"
"wavelet-LLH","gldm","GrayLevelVariance","0.4810848920296985"
"wavelet-LLH","gldm","HighGrayLevelEmphasis","13.351450483494498"
"wavelet-LLH","gldm","LargeDependenceEmphasis","155.1023674558186"
"wavelet-LLH","gldm","LargeDependenceHighGrayLevelEmphasis","2053.3177725908636"
"wavelet-LLH","gldm","LargeDependenceLowGrayLevelEmphasis","12.791400976251342"
"wavelet-LLH","gldm","LowGrayLevelEmphasis","0.08870878255714867"
"wavelet-LLH","gldm","SmallDependenceEmphasis","0.029765409415087887"
"wavelet-LLH","gldm","SmallDependenceHighGrayLevelEmphasis","0.4548623080811147"
"wavelet-LLH","gldm","SmallDependenceLowGrayLevelEmphasis","0.003792930157751309"
"wavelet-LLH","ngtdm","Busyness","36.68284493371718"
"wavelet-LLH","ngtdm","Coarseness","0.0010077762040214472"
"wavelet-LLH","ngtdm","Complexity","7.668455129086687"
"wavelet-LLH","ngtdm","Contrast","0.015941306297493497"
"wavelet-LLH","ngtdm","Strength","0.01370727470557592"
"wavelet-LHL","firstorder","10Percentile","-31.59309560448311"
"wavelet-LHL","firstorder","90Percentile","34.85408257956561"
"wavelet-LHL","firstorder","Energy","4097500.298689943"
"wavelet-LHL","firstorder","Entropy","2.1608749472815845"
"wavelet-LHL","firstorder","InterquartileRange","36.32428798928072"
"wavelet-LHL","firstorder","Kurtosis","2.8007004686989228"
"wavelet-LHL","firstorder","Maximum","84.39290827863545"
"wavelet-LHL","firstorder","MeanAbsoluteDeviation","21.003778555154927"
"wavelet-LHL","firstorder","Mean","1.4315516734266691"
"wavelet-LHL","firstorder","Median","0.9529816957333588"
"wavelet-LHL","firstorder","Minimum","-85.03453878016245"
"wavelet-LHL","firstorder","Range","169.4274470587979"
"wavelet-LHL","firstorder","RobustMeanAbsoluteDeviation","14.850358639442671"
"wavelet-LHL","firstorder","RootMeanSquared","26.137031798938903"
"wavelet-LHL","firstorder","Skewness","0.046437248936029525"
"wavelet-LHL","firstorder","TotalEnergy","2328915.2317184703"
"wavelet-LHL","firstorder","Uniformity","0.25884837015250495"
"wavelet-LHL","firstorder","Variance","681.0950910650528"
"wavelet-LHL","glcm","Autocorrelation","20.962090424579756"
"wavelet-LHL","glcm","ClusterProminence","22.41534706506917"
"wavelet-LHL","glcm","ClusterShade","0.15747191069935484"
"wavelet-LHL","glcm","ClusterTendency","2.6873767899801253"
"wavelet-LHL","glcm","Contrast","2.0082736958847893"
"wavelet-LHL","glcm","Correlation","0.14447826057289542"
"wavelet-LHL","glcm","DifferenceAverage","1.055339995503521"
"wavelet-LHL","glcm","DifferenceEntropy","1.7808072623404128"
"wavelet-LHL","glcm","DifferenceVariance","0.831093174464978"
"wavelet-LHL","glcm","Id","0.600696539272331"
"wavelet-LHL","glcm","Idm","0.5644634126354748"
"wavelet-LHL","glcm","Idmn","0.9714345194876005"
"wavelet-LHL","glcm","Idn","0.8925218093953872"
"wavelet-LHL","glcm","Imc1","-0.05360958359273471"
"wavelet-LHL","glcm","Imc2","0.3047082776883258"
"wavelet-LHL","glcm","InverseVariance","0.4870589581218654"
"wavelet-LHL","glcm","JointAverage","4.559858307144334"
"wavelet-LHL","glcm","JointEnergy","0.07311616982271094"
"wavelet-LHL","glcm","JointEntropy","4.206386556229516"
"wavelet-LHL","glcm","MCC","0.2492483109794448"
"wavelet-LHL","glcm","MaximumProbability","0.12381805479457283"
"wavelet-LHL","glcm","SumAverage","9.119716614288668"
"wavelet-LHL","glcm","SumEntropy","2.7326435380317284"
"wavelet-LHL","glcm","SumSquares","1.1739126214662288"
"wavelet-LHL","glrlm","GrayLevelNonUniformity","1047.206488935234"
"wavelet-LHL","glrlm","GrayLevelNonUniformityNormalized","0.2392754394770838"
"wavelet-LHL","glrlm","GrayLevelVariance","1.3326242415209526"
"wavelet-LHL","glrlm","HighGrayLevelRunEmphasis","22.19003557667516"
"wavelet-LHL","glrlm","LongRunEmphasis","2.555674017295101"
"wavelet-LHL","glrlm","LongRunHighGrayLevelEmphasis","55.252335632843355"
"wavelet-LHL","glrlm","LongRunLowGrayLevelEmphasis","0.14655353835043133"
"wavelet-LHL","glrlm","LowGrayLevelRunEmphasis","0.0612742320754404"
"wavelet-LHL","glrlm","RunEntropy","3.3485888154460963"
"wavelet-LHL","glrlm","RunLengthNonUniformity","2613.57457861978"
"wavelet-LHL","glrlm","RunLengthNonUniformityNormalized","0.5865031109090382"
"wavelet-LHL","glrlm","RunPercentage","0.7307307564059815"
"wavelet-LHL","glrlm","RunVariance","0.6018333386743616"
"wavelet-LHL","glrlm","ShortRunEmphasis","0.7885814353093678"
"wavelet-LHL","glrlm","ShortRunHighGrayLevelEmphasis","17.63917697838439"
"wavelet-LHL","glrlm","ShortRunLowGrayLevelEmphasis","0.04950378635761158"
"wavelet-LHL","glszm","GrayLevelNonUniformity","52.12340425531915"
"wavelet-LHL","glszm","GrayLevelNonUniformityNormalized","0.22180172023540062"
"wavelet-LHL","glszm","GrayLevelVariance","4.449904934359438"
"wavelet-LHL","glszm","HighGrayLevelZoneEmphasis","25.29787234042553"
"wavelet-LHL","glszm","LargeAreaEmphasis","33559.29361702128"
"wavelet-LHL","glszm","LargeAreaHighGrayLevelEmphasis","692589.3659574469"
"wavelet-LHL","glszm","LargeAreaLowGrayLevelEmphasis","1723.9640683468422"
"wavelet-LHL","glszm","LowGrayLevelZoneEmphasis","0.10850458942442225"
"wavelet-LHL","glszm","SizeZoneNonUniformity","40.46382978723404"
"wavelet-LHL","glszm","SizeZoneNonUniformityNormalized","0.17218650973291083"
"wavelet-LHL","glszm","SmallAreaEmphasis","0.4163760718473967"
"wavelet-LHL","glszm","SmallAreaHighGrayLevelEmphasis","9.93327630026358"
"wavelet-LHL","glszm","SmallAreaLowGrayLevelEmphasis","0.054466756172639345"
"wavelet-LHL","glszm","ZoneEntropy","5.336976051407717"
"wavelet-LHL","glszm","ZonePercentage","0.039179726575525174"
"wavelet-LHL","glszm","ZoneVariance","32907.84945224084"
"wavelet-LHL","gldm","DependenceEntropy","5.728576826650482"
"wavelet-LHL","gldm","DependenceNonUniformity","453.3614538179393"
"wavelet-LHL","gldm","DependenceNonUniformityNormalized","0.07558543744880615"
"wavelet-LHL","gldm","DependenceVariance","13.704233744247972"
"wavelet-LHL","gldm","GrayLevelNonUniformity","1552.572524174725"
"wavelet-LHL","gldm","GrayLevelVariance","1.1737466173285949"
"wavelet-LHL","gldm","HighGrayLevelEmphasis","21.964488162720908"
"wavelet-LHL","gldm","LargeDependenceEmphasis","77.72024008002667"
"wavelet-LHL","gldm","LargeDependenceHighGrayLevelEmphasis","1638.1255418472824"
"wavelet-LHL","gldm","LargeDependenceLowGrayLevelEmphasis","4.173659741503026"
"wavelet-LHL","gldm","LowGrayLevelEmphasis","0.059576553153772346"
"wavelet-LHL","gldm","SmallDependenceEmphasis","0.048271386636180344"
"wavelet-LHL","gldm","SmallDependenceHighGrayLevelEmphasis","1.1311903987501695"
"wavelet-LHL","gldm","SmallDependenceLowGrayLevelEmphasis","0.004279767323934448"
"wavelet-LHL","ngtdm","Busyness","21.725378824066336"
"wavelet-LHL","ngtdm","Coarseness","0.0011062332921717437"
"wavelet-LHL","ngtdm","Complexity","20.612196650061286"
"wavelet-LHL","ngtdm","Contrast","0.0326107704964151"
"wavelet-LHL","ngtdm","Strength","0.022039308805268897"
"wavelet-LHH","firstorder","10Percentile","-10.88239050028411"
"wavelet-LHH","firstorder","90Percentile","10.76146109911869"
"wavelet-LHH","firstorder","Energy","419284.7260443313"
"wavelet-LHH","firstorder","Entropy","1.0161911954878649"
"wavelet-LHH","firstorder","InterquartileRange","11.147445556185634"
"wavelet-LHH","firstorder","Kurtosis","2.9452914746833496"
"wavelet-LHH","firstorder","Maximum","27.54719803229318"
"wavelet-LHH","firstorder","MeanAbsoluteDeviation","6.647345012249957"
"wavelet-LHH","firstorder","Mean","-0.06711587753626665"
"wavelet-LHH","firstorder","Median","-0.069629946816056"
"wavelet-LHH","firstorder","Minimum","-26.70944884694974"
"wavelet-LHH","firstorder","Range","54.25664687924292"
"wavelet-LHH","firstorder","RobustMeanAbsoluteDeviation","4.624794919454651"
"wavelet-LHH","firstorder","RootMeanSquared","8.360866524294451"
"wavelet-LHH","firstorder","Skewness","-0.043488372904639645"
"wavelet-LHH","firstorder","TotalEnergy","238310.8026187942"
"wavelet-LHH","firstorder","Uniformity","0.49852512802700377"
"wavelet-LHH","firstorder","Variance","69.89958449605012"
"wavelet-LHH","glcm","Autocorrelation","6.23839920809751"
"wavelet-LHH","glcm","ClusterProminence","0.5356673800931842"
"wavelet-LHH","glcm","ClusterShade","0.003038631113649985"
"wavelet-LHH","glcm","ClusterTendency","0.5186074470002698"
"wavelet-LHH","glcm","Contrast","0.49339072125477823"
"wavelet-LHH","glcm","Correlation","0.024895742700956396"
"wavelet-LHH","glcm","DifferenceAverage","0.4901996014211525"
"wavelet-LHH","glcm","DifferenceEntropy","1.002076837286988"
"wavelet-LHH","glcm","DifferenceVariance","0.24872485191484464"
"wavelet-LHH","glcm","Id","0.7554320525950279"
"wavelet-LHH","glcm","Idm","0.7552193112727862"
"wavelet-LHH","glcm","Idmn","0.9710333302761948"
"wavelet-LHH","glcm","Idn","0.9020664503768905"
"wavelet-LHH","glcm","Imc1","-0.013767380367386641"
"wavelet-LHH","glcm","Imc2","0.08667269608726287"
"wavelet-LHH","glcm","InverseVariance","0.48740737156673014"
"wavelet-LHH","glcm","JointAverage","2.4964154287551854"
"wavelet-LHH","glcm","JointEnergy","0.2529962672280296"
"wavelet-LHH","glcm","JointEntropy","2.0185025382208757"
"wavelet-LHH","glcm","MCC","0.07159402799060327"
"wavelet-LHH","glcm","MaximumProbability","0.26771894049651385"
"wavelet-LHH","glcm","SumAverage","4.992830857510372"
"wavelet-LHH","glcm","SumEntropy","1.514775059472717"
"wavelet-LHH","glcm","SumSquares","0.25299954206376196"
"wavelet-LHH","glrlm","GrayLevelNonUniformity","1632.88507795206"
"wavelet-LHH","glrlm","GrayLevelNonUniformityNormalized","0.49722966471059976"
"wavelet-LHH","glrlm","GrayLevelVariance","0.25559630269699557"
"wavelet-LHH","glrlm","HighGrayLevelRunEmphasis","6.499046349385808"
"wavelet-LHH","glrlm","LongRunEmphasis","5.180147469033798"
"wavelet-LHH","glrlm","LongRunHighGrayLevelEmphasis","33.468386103877364"
"wavelet-LHH","glrlm","LongRunLowGrayLevelEmphasis","0.9421522870705706"
"wavelet-LHH","glrlm","LowGrayLevelRunEmphasis","0.1818029164331309"
"wavelet-LHH","glrlm","RunEntropy","2.8152027626690863"
"wavelet-LHH","glrlm","RunLengthNonUniformity","1275.235003908765"
"wavelet-LHH","glrlm","RunLengthNonUniformityNormalized","0.3812768283053297"
"wavelet-LHH","glrlm","RunPercentage","0.5474388898863723"
"wavelet-LHH","glrlm","RunVariance","1.5580338961280207"
"wavelet-LHH","glrlm","ShortRunEmphasis","0.6095331290494643"
"wavelet-LHH","glrlm","ShortRunHighGrayLevelEmphasis","3.9686079077193117"
"wavelet-LHH","glrlm","ShortRunLowGrayLevelEmphasis","0.11109094752506231"
"wavelet-LHH","glszm","GrayLevelNonUniformity","3.8333333333333335"
"wavelet-LHH","glszm","GrayLevelNonUniformityNormalized","0.3194444444444444"
"wavelet-LHH","glszm","GrayLevelVariance","1.7222222222222223"
"wavelet-LHH","glszm","HighGrayLevelZoneEmphasis","7.166666666666667"
"wavelet-LHH","glszm","LargeAreaEmphasis","1494073.5"
"wavelet-LHH","glszm","LargeAreaHighGrayLevelEmphasis","9661578.416666666"
"wavelet-LHH","glszm","LargeAreaLowGrayLevelEmphasis","271149.68981481483"
"wavelet-LHH","glszm","LowGrayLevelZoneEmphasis","0.4884259259259259"
"wavelet-LHH","glszm","SizeZoneNonUniformity","8.5"
"wavelet-LHH","glszm","SizeZoneNonUniformityNormalized","0.7083333333333334"
"wavelet-LHH","glszm","SmallAreaEmphasis","0.8333333519286379"
"wavelet-LHH","glszm","SmallAreaHighGrayLevelEmphasis","6.0833334548238716"
"wavelet-LHH","glszm","SmallAreaLowGrayLevelEmphasis","0.4583333366735673"
"wavelet-LHH","glszm","ZoneEntropy","1.950825794518087"
"wavelet-LHH","glszm","ZonePercentage","0.0020006668889629878"
"wavelet-LHH","glszm","ZoneVariance","1244240.1388888888"
"wavelet-LHH","gldm","DependenceEntropy","4.639216659251726"
"wavelet-LHH","gldm","DependenceNonUniformity","569.5148382794265"
"wavelet-LHH","gldm","DependenceNonUniformityNormalized","0.09495078997656327"
"wavelet-LHH","gldm","DependenceVariance","9.735782662243421"
"wavelet-LHH","gldm","GrayLevelNonUniformity","2990.1537179059687"
"wavelet-LHH","gldm","GrayLevelVariance","0.25298754692155356"
"wavelet-LHH","gldm","HighGrayLevelEmphasis","6.484661553851284"
"wavelet-LHH","gldm","LargeDependenceEmphasis","172.72157385795265"
"wavelet-LHH","gldm","LargeDependenceHighGrayLevelEmphasis","1115.1932310770258"
"wavelet-LHH","gldm","LargeDependenceLowGrayLevelEmphasis","31.394742692008446"
"wavelet-LHH","gldm","LowGrayLevelEmphasis","0.1816346189470564"
"wavelet-LHH","gldm","SmallDependenceEmphasis","0.009799604200899918"
"wavelet-LHH","gldm","SmallDependenceHighGrayLevelEmphasis","0.06494709443784967"
"wavelet-LHH","gldm","SmallDependenceLowGrayLevelEmphasis","0.0023876554477545654"
"wavelet-LHH","ngtdm","Busyness","133.05323053113054"
"wavelet-LHH","ngtdm","Coarseness","0.0006879246472100047"
"wavelet-LHH","ngtdm","Complexity","3.400692072783836"
"wavelet-LHH","ngtdm","Contrast","0.020565245215633996"
"wavelet-LHH","ngtdm","Strength","0.004110141716334332"
"wavelet-HLL","firstorder","10Percentile","-39.77195570185245"
"wavelet-HLL","firstorder","90Percentile","42.00969646326804"
"wavelet-HLL","firstorder","Energy","6100020.782085292"
"wavelet-HLL","firstorder","Entropy","2.4328959825937893"
"wavelet-HLL","firstorder","InterquartileRange","43.33239430501321"
"wavelet-HLL","firstorder","Kurtosis","2.9193270694235816"
"wavelet-HLL","firstorder","Maximum","101.52393942142386"
"wavelet-HLL","firstorder","MeanAbsoluteDeviation","25.493519973143552"
"wavelet-HLL","firstorder","Mean","1.4281420730114913"
"wavelet-HLL","firstorder","Median","1.992089411666408"
"wavelet-HLL","firstorder","Minimum","-123.69485090801528"
"wavelet-HLL","firstorder","Range","225.21879032943914"
"wavelet-HLL","firstorder","RobustMeanAbsoluteDeviation","17.89025792208539"
"wavelet-HLL","firstorder","RootMeanSquared","31.890580637423533"
"wavelet-HLL","firstorder","Skewness","-0.09305699466715923"
"wavelet-HLL","firstorder","TotalEnergy","3467097.0781233986"
"wavelet-HLL","firstorder","Uniformity","0.21450803707938212"
"wavelet-HLL","firstorder","Variance","1014.9695436113074"
"wavelet-HLL","glcm","Autocorrelation","31.00671879515866"
"wavelet-HLL","glcm","ClusterProminence","44.58594350523653"
"wavelet-HLL","glcm","ClusterShade","-0.6062659914821538"
"wavelet-HLL","glcm","ClusterTendency","3.6543542401895404"
"wavelet-HLL","glcm","Contrast","3.197440059531108"
"wavelet-HLL","glcm","Correlation","0.06564006877609144"
"wavelet-HLL","glcm","DifferenceAverage","1.3521256368814536"
"wavelet-HLL","glcm","DifferenceEntropy","2.0379810732957826"
"wavelet-HLL","glcm","DifferenceVariance","1.25025012701095"
"wavelet-HLL","glcm","Id","0.5442305528251665"
"wavelet-HLL","glcm","Idm","0.4931834054328916"
"wavelet-HLL","glcm","Idmn","0.970995307029119"
"wavelet-HLL","glcm","Idn","0.8896063903002539"
"wavelet-HLL","glcm","Imc1","-0.05694855839424196"
"wavelet-HLL","glcm","Imc2","0.3853894538880862"
"wavelet-HLL","glcm","InverseVariance","0.45527904834549937"
"wavelet-HLL","glcm","JointAverage","5.558100838334908"
"wavelet-HLL","glcm","JointEnergy","0.050864386061113945"
"wavelet-HLL","glcm","JointEntropy","4.728591218482153"
"wavelet-HLL","glcm","MCC","0.32012282435295575"
"wavelet-HLL","glcm","MaximumProbability","0.09209556083792078"
"wavelet-HLL","glcm","SumAverage","11.116201676669816"
"wavelet-HLL","glcm","SumEntropy","2.938783384267922"
"wavelet-HLL","glcm","SumSquares","1.7129485749301625"
"wavelet-HLL","glrlm","GrayLevelNonUniformity","946.3663030131546"
"wavelet-HLL","glrlm","GrayLevelNonUniformityNormalized","0.20149730101370933"
"wavelet-HLL","glrlm","GrayLevelVariance","1.8944394285240884"
"wavelet-HLL","glrlm","HighGrayLevelRunEmphasis","32.69774994138481"
"wavelet-HLL","glrlm","LongRunEmphasis","2.085101123827671"
"wavelet-HLL","glrlm","LongRunHighGrayLevelEmphasis","67.79144311885385"
"wavelet-HLL","glrlm","LongRunLowGrayLevelEmphasis","0.0811650080800116"
"wavelet-HLL","glrlm","LowGrayLevelRunEmphasis","0.04209884496961664"
"wavelet-HLL","glrlm","RunEntropy","3.4138547839062454"
"wavelet-HLL","glrlm","RunLengthNonUniformity","3122.1101099940743"
"wavelet-HLL","glrlm","RunLengthNonUniformityNormalized","0.6553978254256697"
"wavelet-HLL","glrlm","RunPercentage","0.7841588221714932"
"wavelet-HLL","glrlm","RunVariance","0.4092153076295274"
"wavelet-HLL","glrlm","ShortRunEmphasis","0.8331797906382769"
"wavelet-HLL","glrlm","ShortRunHighGrayLevelEmphasis","27.291766295299908"
"wavelet-HLL","glrlm","ShortRunLowGrayLevelEmphasis","0.03596758897140298"
"wavelet-HLL","glszm","GrayLevelNonUniformity","67.28402366863905"
"wavelet-HLL","glszm","GrayLevelNonUniformityNormalized","0.19906515878295578"
"wavelet-HLL","glszm","GrayLevelVariance","6.008298028780505"
"wavelet-HLL","glszm","HighGrayLevelZoneEmphasis","34.62130177514793"
"wavelet-HLL","glszm","LargeAreaEmphasis","19260.615384615383"
"wavelet-HLL","glszm","LargeAreaHighGrayLevelEmphasis","629650.1272189349"
"wavelet-HLL","glszm","LargeAreaLowGrayLevelEmphasis","626.6519481561801"
"wavelet-HLL","glszm","LowGrayLevelZoneEmphasis","0.078233454706669"
"wavelet-HLL","glszm","SizeZoneNonUniformity","71.68639053254438"
"wavelet-HLL","glszm","SizeZoneNonUniformityNormalized","0.21208991281817863"
"wavelet-HLL","glszm","SmallAreaEmphasis","0.45565852144110636"
"wavelet-HLL","glszm","SmallAreaHighGrayLevelEmphasis","15.935212382803853"
"wavelet-HLL","glszm","SmallAreaLowGrayLevelEmphasis","0.040572307778266224"
"wavelet-HLL","glszm","ZoneEntropy","5.271327773324266"
"wavelet-HLL","glszm","ZonePercentage","0.05635211737245749"
"wavelet-HLL","glszm","ZoneVariance","18945.710409299394"
"wavelet-HLL","gldm","DependenceEntropy","5.743255636737556"
"wavelet-HLL","gldm","DependenceNonUniformity","539.3534511503834"
"wavelet-HLL","gldm","DependenceNonUniformityNormalized","0.08992221593037404"
"wavelet-HLL","gldm","DependenceVariance","10.067428278026654"
"wavelet-HLL","gldm","GrayLevelNonUniformity","1286.619206402134"
"wavelet-HLL","gldm","GrayLevelVariance","1.7112192060018672"
"wavelet-HLL","gldm","HighGrayLevelEmphasis","32.62504168056019"
"wavelet-HLL","gldm","LargeDependenceEmphasis","53.78426142047349"
"wavelet-HLL","gldm","LargeDependenceHighGrayLevelEmphasis","1734.7724241413805"
"wavelet-HLL","gldm","LargeDependenceLowGrayLevelEmphasis","1.8778733130294714"
"wavelet-HLL","gldm","LowGrayLevelEmphasis","0.04080906364836821"
"wavelet-HLL","gldm","SmallDependenceEmphasis","0.06790098523117433"
"wavelet-HLL","gldm","SmallDependenceHighGrayLevelEmphasis","2.2863723817688753"
"wavelet-HLL","gldm","SmallDependenceLowGrayLevelEmphasis","0.00427463673572148"
"wavelet-HLL","ngtdm","Busyness","14.808972224831301"
"wavelet-HLL","ngtdm","Coarseness","0.0010249172058089718"
"wavelet-HLL","ngtdm","Complexity","42.891088864418236"
"wavelet-HLL","ngtdm","Contrast","0.03878629638200132"
"wavelet-HLL","ngtdm","Strength","0.032576759592969205"
"wavelet-HLH","firstorder","10Percentile","-13.857499797910126"
"wavelet-HLH","firstorder","90Percentile","13.769828834229148"
"wavelet-HLH","firstorder","Energy","687653.1121994107"
"wavelet-HLH","firstorder","Entropy","1.1309055347939296"
"wavelet-HLH","firstorder","InterquartileRange","14.229449783948585"
"wavelet-HLH","firstorder","Kurtosis","2.9833524364016712"
"wavelet-HLH","firstorder","Maximum","36.228910407108096"
"wavelet-HLH","firstorder","MeanAbsoluteDeviation","8.519368003459444"
"wavelet-HLH","firstorder","Mean","-0.07064635452960019"
"wavelet-HLH","firstorder","Median","-0.18367739009934736"
"wavelet-HLH","firstorder","Minimum","-37.34244041746399"
"wavelet-HLH","firstorder","Range","73.57135082457208"
"wavelet-HLH","firstorder","RobustMeanAbsoluteDeviation","5.9159082804123795"
"wavelet-HLH","firstorder","RootMeanSquared","10.70733709763898"
"wavelet-HLH","firstorder","Skewness","0.001895976984235678"
"wavelet-HLH","firstorder","TotalEnergy","390844.58582024917"
"wavelet-HLH","firstorder","Uniformity","0.48225795171692776"
"wavelet-HLH","firstorder","Variance","114.64207681506761"
"wavelet-HLH","glcm","Autocorrelation","6.213858071111201"
"wavelet-HLH","glcm","ClusterProminence","0.8180529004503396"
"wavelet-HLH","glcm","ClusterShade","0.009149761625210003"
"wavelet-HLH","glcm","ClusterTendency","0.577161930373042"
"wavelet-HLH","glcm","Contrast","0.5661511173895291"
"wavelet-HLH","glcm","Correlation","0.009549323812778902"
"wavelet-HLH","glcm","DifferenceAverage","0.5288010227979323"
"wavelet-HLH","glcm","DifferenceEntropy","1.0954567824640558"
"wavelet-HLH","glcm","DifferenceVariance","0.27952373140467757"
"wavelet-HLH","glcm","Id","0.741745018509348"
"wavelet-HLH","glcm","Idm","0.7393344980601936"
"wavelet-HLH","glcm","Idmn","0.9673763111699988"
"wavelet-HLH","glcm","Idn","0.8954757144955293"
"wavelet-HLH","glcm","Imc1","-0.020943954373138396"
"wavelet-HLH","glcm","Imc2","0.13030049409875968"
"wavelet-HLH","glcm","InverseVariance","0.49687038979038517"
"wavelet-HLH","glcm","JointAverage","2.4922073506482394"
"wavelet-HLH","glcm","JointEnergy","0.2388166636177236"
"wavelet-HLH","glcm","JointEntropy","2.2353993633950235"
"wavelet-HLH","glcm","MCC","0.1068822014068125"
"wavelet-HLH","glcm","MaximumProbability","0.26612008831792033"
"wavelet-HLH","glcm","SumAverage","4.984414701296478"
"wavelet-HLH","glcm","SumEntropy","1.6145564418722727"
"wavelet-HLH","glcm","SumSquares","0.2858282619406428"
"wavelet-HLH","glrlm","GrayLevelNonUniformity","1598.339569716952"
"wavelet-HLH","glrlm","GrayLevelNonUniformityNormalized","0.4696236515981693"
"wavelet-HLH","glrlm","GrayLevelVariance","0.3127568070154429"
"wavelet-HLH","glrlm","HighGrayLevelRunEmphasis","6.562620378630391"
"wavelet-HLH","glrlm","LongRunEmphasis","4.845560372459623"
"wavelet-HLH","glrlm","LongRunHighGrayLevelEmphasis","31.130055424221855"
"wavelet-HLH","glrlm","LongRunLowGrayLevelEmphasis","0.8996628642927207"
"wavelet-HLH","glrlm","LowGrayLevelRunEmphasis","0.19149674832580554"
"wavelet-HLH","glrlm","RunEntropy","2.9052100321984886"
"wavelet-HLH","glrlm","RunLengthNonUniformity","1382.601444208063"
"wavelet-HLH","glrlm","RunLengthNonUniformityNormalized","0.3979891991486206"
"wavelet-HLH","glrlm","RunPercentage","0.5670351655680099"
"wavelet-HLH","glrlm","RunVariance","1.429077175562143"
"wavelet-HLH","glrlm","ShortRunEmphasis","0.6313194857242703"
"wavelet-HLH","glrlm","ShortRunHighGrayLevelEmphasis","4.179540103377624"
"wavelet-HLH","glrlm","ShortRunLowGrayLevelEmphasis","0.1241269931573423"
"wavelet-HLH","glszm","GrayLevelNonUniformity","33.05714285714286"
"wavelet-HLH","glszm","GrayLevelNonUniformityNormalized","0.4722448979591837"
"wavelet-HLH","glszm","GrayLevelVariance","2.1928571428571426"
"wavelet-HLH","glszm","HighGrayLevelZoneEmphasis","8.442857142857143"
"wavelet-HLH","glszm","LargeAreaEmphasis","247771.54285714286"
"wavelet-HLH","glszm","LargeAreaHighGrayLevelEmphasis","1592644.7428571428"
"wavelet-HLH","glszm","LargeAreaLowGrayLevelEmphasis","45234.278075396825"
"wavelet-HLH","glszm","LowGrayLevelZoneEmphasis","0.5212301587301588"
"wavelet-HLH","glszm","SizeZoneNonUniformity","29.65714285714286"
"wavelet-HLH","glszm","SizeZoneNonUniformityNormalized","0.4236734693877551"
"wavelet-HLH","glszm","SmallAreaEmphasis","0.6702896858371482"
"wavelet-HLH","glszm","SmallAreaHighGrayLevelEmphasis","5.672908751830181"
"wavelet-HLH","glszm","SmallAreaLowGrayLevelEmphasis","0.3576259926522588"
"wavelet-HLH","glszm","ZoneEntropy","2.611171849823123"
"wavelet-HLH","glszm","ZonePercentage","0.011670556852284094"
"wavelet-HLH","glszm","ZoneVariance","240429.5012244898"
"wavelet-HLH","gldm","DependenceEntropy","4.759957091539131"
"wavelet-HLH","gldm","DependenceNonUniformity","527.9963321107035"
"wavelet-HLH","gldm","DependenceNonUniformityNormalized","0.08802873159564914"
"wavelet-HLH","gldm","DependenceVariance","11.849545491489271"
"wavelet-HLH","gldm","GrayLevelNonUniformity","2892.5831943981325"
"wavelet-HLH","gldm","GrayLevelVariance","0.28629872289318176"
"wavelet-HLH","gldm","HighGrayLevelEmphasis","6.50216738912971"
"wavelet-HLH","gldm","LargeDependenceEmphasis","162.08569523174393"
"wavelet-HLH","gldm","LargeDependenceHighGrayLevelEmphasis","1035.699566522174"
"wavelet-HLH","gldm","LargeDependenceLowGrayLevelEmphasis","29.79044982586788"
"wavelet-HLH","gldm","LowGrayLevelEmphasis","0.18783460227483234"
"wavelet-HLH","gldm","SmallDependenceEmphasis","0.017850883139397884"
"wavelet-HLH","gldm","SmallDependenceHighGrayLevelEmphasis","0.13544453058516465"
"wavelet-HLH","gldm","SmallDependenceLowGrayLevelEmphasis","0.0064662667685289835"
"wavelet-HLH","ngtdm","Busyness","135.36415973160373"
"wavelet-HLH","ngtdm","Coarseness","0.0006986771370648511"
"wavelet-HLH","ngtdm","Complexity","3.4303069733370615"
"wavelet-HLH","ngtdm","Contrast","0.02446139510213889"
"wavelet-HLH","ngtdm","Strength","0.00399723187212946"
"wavelet-HHL","firstorder","10Percentile","-18.442704167066747"
"wavelet-HHL","firstorder","90Percentile","18.111752764932557"
"wavelet-HHL","firstorder","Energy","1211003.7808736204"
"wavelet-HHL","firstorder","Entropy","1.396310076626636"
"wavelet-HHL","firstorder","InterquartileRange","19.38809728908982"
"wavelet-HHL","firstorder","Kurtosis","2.8970780615844314"
"wavelet-HHL","firstorder","Maximum","46.60328881669616"
"wavelet-HHL","firstorder","MeanAbsoluteDeviation","11.392076305899987"
"wavelet-HHL","firstorder","Mean","0.044949506501788354"
"wavelet-HHL","firstorder","Median","0.16153869807099833"
"wavelet-HHL","firstorder","Minimum","-48.99006162537634"
"wavelet-HHL","firstorder","Range","95.5933504420725"
"wavelet-HHL","firstorder","RobustMeanAbsoluteDeviation","8.026451985051837"
"wavelet-HHL","firstorder","RootMeanSquared","14.209196455121479"
"wavelet-HHL","firstorder","Skewness","-0.019710045675033334"
"wavelet-HHL","firstorder","TotalEnergy","688303.8304712141"
"wavelet-HHL","firstorder","Uniformity","0.4277988183456951"
"wavelet-HHL","firstorder","Variance","201.89924344210206"
"wavelet-HHL","glcm","Autocorrelation","6.268909142246266"
"wavelet-HHL","glcm","ClusterProminence","1.9588255767801426"
"wavelet-HHL","glcm","ClusterShade","-0.0030127216045135663"
"wavelet-HHL","glcm","ClusterTendency","0.8167695249130655"
"wavelet-HHL","glcm","Contrast","0.8100346148313322"
"wavelet-HHL","glcm","Correlation","0.003943476015717497"
"wavelet-HHL","glcm","DifferenceAverage","0.6423958319094432"
"wavelet-HHL","glcm","DifferenceEntropy","1.3088832368711298"
"wavelet-HHL","glcm","DifferenceVariance","0.3866930143882707"
"wavelet-HHL","glcm","Id","0.7058365624916317"
"wavelet-HHL","glcm","Idm","0.6955659623374674"
"wavelet-HHL","glcm","Idmn","0.9555392939329851"
"wavelet-HHL","glcm","Idn","0.8770053280537214"
"wavelet-HHL","glcm","Imc1","-0.02437671814701208"
"wavelet-HHL","glcm","Imc2","0.1560434301296564"
"wavelet-HHL","glcm","InverseVariance","0.5042621290883512"
"wavelet-HHL","glcm","JointAverage","2.5034420075779265"
"wavelet-HHL","glcm","JointEnergy","0.18839675612407789"
"wavelet-HHL","glcm","JointEntropy","2.758572723902709"
"wavelet-HHL","glcm","MCC","0.12845810436088367"
"wavelet-HHL","glcm","MaximumProbability","0.23166463876712579"
"wavelet-HHL","glcm","SumAverage","5.006884015155853"
"wavelet-HHL","glcm","SumEntropy","1.8792033106435189"
"wavelet-HHL","glcm","SumSquares","0.40670103493609944"
"wavelet-HHL","glrlm","GrayLevelNonUniformity","1447.2160401620556"
"wavelet-HHL","glrlm","GrayLevelNonUniformityNormalized","0.39343718331901945"
"wavelet-HHL","glrlm","GrayLevelVariance","0.49256678937496484"
"wavelet-HHL","glrlm","HighGrayLevelRunEmphasis","6.774549332491473"
"wavelet-HHL","glrlm","LongRunEmphasis","3.9947371184023597"
"wavelet-HHL","glrlm","LongRunHighGrayLevelEmphasis","26.459929100804292"
"wavelet-HHL","glrlm","LongRunLowGrayLevelEmphasis","0.7682646085430658"
"wavelet-HHL","glrlm","LowGrayLevelRunEmphasis","0.22138796900722024"
"wavelet-HHL","glrlm","RunEntropy","3.025503566022529"
"wavelet-HHL","glrlm","RunLengthNonUniformity","1677.4039121549213"
"wavelet-HHL","glrlm","RunLengthNonUniformityNormalized","0.4483967735506594"
"wavelet-HHL","glrlm","RunPercentage","0.6129863800754098"
"wavelet-HHL","glrlm","RunVariance","1.1367053239017695"
"wavelet-HHL","glrlm","ShortRunEmphasis","0.6813931295166495"
"wavelet-HHL","glrlm","ShortRunHighGrayLevelEmphasis","4.689508918691903"
"wavelet-HHL","glrlm","ShortRunLowGrayLevelEmphasis","0.1618311153786666"
"wavelet-HHL","glszm","GrayLevelNonUniformity","106.63133640552995"
"wavelet-HHL","glszm","GrayLevelNonUniformityNormalized","0.49138864703009194"
"wavelet-HHL","glszm","GrayLevelVariance","2.2292255091422626"
"wavelet-HHL","glszm","HighGrayLevelZoneEmphasis","8.723502304147466"
"wavelet-HHL","glszm","LargeAreaEmphasis","70421.9262672811"
"wavelet-HHL","glszm","LargeAreaHighGrayLevelEmphasis","459921.60368663596"
"wavelet-HHL","glszm","LargeAreaLowGrayLevelEmphasis","12657.544066820277"
"wavelet-HHL","glszm","LowGrayLevelZoneEmphasis","0.5128968253968255"
"wavelet-HHL","glszm","SizeZoneNonUniformity","64.28110599078342"
"wavelet-HHL","glszm","SizeZoneNonUniformityNormalized","0.2962262948884028"
"wavelet-HHL","glszm","SmallAreaEmphasis","0.5355301256560516"
"wavelet-HHL","glszm","SmallAreaHighGrayLevelEmphasis","4.573066880185044"
"wavelet-HHL","glszm","SmallAreaLowGrayLevelEmphasis","0.2831840779227546"
"wavelet-HHL","glszm","ZoneEntropy","3.1698375274107025"
"wavelet-HHL","glszm","ZonePercentage","0.03617872624208069"
"wavelet-HHL","glszm","ZoneVariance","69657.92609739004"
"wavelet-HHL","gldm","DependenceEntropy","4.945538815955856"
"wavelet-HHL","gldm","DependenceNonUniformity","473.0876958986329"
"wavelet-HHL","gldm","DependenceNonUniformityNormalized","0.07887424073001549"
"wavelet-HHL","gldm","DependenceVariance","15.549629803243294"
"wavelet-HHL","gldm","GrayLevelNonUniformity","2565.9373124374792"
"wavelet-HHL","gldm","GrayLevelVariance","0.40668485582779007"
"wavelet-HHL","gldm","HighGrayLevelEmphasis","6.685895298432811"
"wavelet-HHL","gldm","LargeDependenceEmphasis","137.92530843614537"
"wavelet-HHL","gldm","LargeDependenceHighGrayLevelEmphasis","901.6068689563187"
"wavelet-HHL","gldm","LargeDependenceLowGrayLevelEmphasis","24.987145020562412"
"wavelet-HHL","gldm","LowGrayLevelEmphasis","0.20670431810603535"
"wavelet-HHL","gldm","SmallDependenceEmphasis","0.03622295179775007"
"wavelet-HHL","gldm","SmallDependenceHighGrayLevelEmphasis","0.29474148936863204"
"wavelet-HHL","gldm","SmallDependenceLowGrayLevelEmphasis","0.015704332167032882"
"wavelet-HHL","ngtdm","Busyness","134.32848065844126"
"wavelet-HHL","ngtdm","Coarseness","0.0007732705921769436"
"wavelet-HHL","ngtdm","Complexity","3.398208948497992"
"wavelet-HHL","ngtdm","Contrast","0.039006917008012856"
"wavelet-HHL","ngtdm","Strength","0.0038397016258092135"
"wavelet-HHH","firstorder","10Percentile","-6.123228405699475"
"wavelet-HHH","firstorder","90Percentile","6.21065778103676"
"wavelet-HHH","firstorder","Energy","137181.67877551442"
"wavelet-HHH","firstorder","Entropy","0.9999819542082742"
"wavelet-HHH","firstorder","InterquartileRange","6.3770998856040215"
"wavelet-HHH","firstorder","Kurtosis","2.991981021394438"
"wavelet-HHH","firstorder","Maximum","17.157134676789177"
"wavelet-HHH","firstorder","MeanAbsoluteDeviation","3.797341626896836"
"wavelet-HHH","firstorder","Mean","0.0021840900815512654"
"wavelet-HHH","firstorder","Median","0.021174123606443856"
"wavelet-HHH","firstorder","Minimum","-16.896337705317173"
"wavelet-HHH","firstorder","Range","34.05347238210635"
"wavelet-HHH","firstorder","RobustMeanAbsoluteDeviation","2.639445358624714"
"wavelet-HHH","firstorder","RootMeanSquared","4.782388197843977"
"wavelet-HHH","firstorder","Skewness","0.018224689060443396"
"wavelet-HHH","firstorder","TotalEnergy","77970.58643660182"
"wavelet-HHH","firstorder","Uniformity","0.5000125083375019"
"wavelet-HHH","firstorder","Variance","22.871232104627882"
"wavelet-HHH","glcm","Autocorrelation","2.2553057275116695"
"wavelet-HHH","glcm","ClusterProminence","0.49187919423669374"
"wavelet-HHH","glcm","ClusterShade","-0.002974000605124741"
"wavelet-HHH","glcm","ClusterTendency","0.4918809032243917"
"wavelet-HHH","glcm","Contrast","0.5080786141119991"
"wavelet-HHH","glcm","Correlation","-0.016198280574607274"
"wavelet-HHH","glcm","DifferenceAverage","0.5080786141119991"
"wavelet-HHH","glcm","DifferenceEntropy","0.9981849613848207"
"wavelet-HHH","glcm","DifferenceVariance","0.24937279959651754"
"wavelet-HHH","glcm","Id","0.7459606929440006"
"wavelet-HHH","glcm","Idm","0.7459606929440006"
"wavelet-HHH","glcm","Idmn","0.8983842771776003"
"wavelet-HHH","glcm","Idn","0.8306404619626669"
"wavelet-HHH","glcm","Imc1","-0.0018160291123890903"
"wavelet-HHH","glcm","Imc2","0.034540153610648244"
"wavelet-HHH","glcm","InverseVariance","0.5080786141119991"
"wavelet-HHH","glcm","JointAverage","1.5031150115225564"
"wavelet-HHH","glcm","JointEnergy","0.25064744173528714"
"wavelet-HHH","glcm","JointEntropy","1.998125607944584"
"wavelet-HHH","glcm","MCC","0.02884279948359501"
"wavelet-HHH","glcm","MaximumProbability","0.2585443107362955"
"wavelet-HHH","glcm","SumAverage","3.006230023045113"
"wavelet-HHH","glcm","SumEntropy","1.4900469938325855"
"wavelet-HHH","glcm","SumSquares","0.24998987933409766"
"wavelet-HHH","glrlm","GrayLevelNonUniformity","1696.1232476611092"
"wavelet-HHH","glrlm","GrayLevelNonUniformityNormalized","0.5000023079881607"
"wavelet-HHH","glrlm","GrayLevelVariance","0.24999884600591968"
"wavelet-HHH","glrlm","HighGrayLevelRunEmphasis","2.4986656043064355"
"wavelet-HHH","glrlm","LongRunEmphasis","4.446699360518953"
"wavelet-HHH","glrlm","LongRunHighGrayLevelEmphasis","11.197545339581515"
"wavelet-HHH","glrlm","LongRunLowGrayLevelEmphasis","2.7589878657533125"
"wavelet-HHH","glrlm","LowGrayLevelRunEmphasis","0.6253335989233911"
"wavelet-HHH","glrlm","RunEntropy","2.6965201319099013"
"wavelet-HHH","glrlm","RunLengthNonUniformity","1369.961243394772"
"wavelet-HHH","glrlm","RunLengthNonUniformityNormalized","0.4036105760573265"
"wavelet-HHH","glrlm","RunPercentage","0.5655603149767872"
"wavelet-HHH","glrlm","RunVariance","1.3105328505329856"
"wavelet-HHH","glrlm","ShortRunEmphasis","0.6326552261063934"
"wavelet-HHH","glrlm","ShortRunHighGrayLevelEmphasis","1.5742115722167958"
"wavelet-HHH","glrlm","ShortRunLowGrayLevelEmphasis","0.3972661395787931"
"wavelet-HHH","glszm","GrayLevelNonUniformity","1.0"
"wavelet-HHH","glszm","GrayLevelNonUniformityNormalized","0.5"
"wavelet-HHH","glszm","GrayLevelVariance","0.25"
"wavelet-HHH","glszm","HighGrayLevelZoneEmphasis","2.5"
"wavelet-HHH","glszm","LargeAreaEmphasis","8994226.0"
"wavelet-HHH","glszm","LargeAreaHighGrayLevelEmphasis","22620520.0"
"wavelet-HHH","glszm","LargeAreaLowGrayLevelEmphasis","5587652.5"
"wavelet-HHH","glszm","LowGrayLevelZoneEmphasis","0.625"
"wavelet-HHH","glszm","SizeZoneNonUniformity","1.0"
"wavelet-HHH","glszm","SizeZoneNonUniformityNormalized","0.5"
"wavelet-HHH","glszm","SmallAreaEmphasis","1.1119356704032954e-07"
"wavelet-HHH","glszm","SmallAreaHighGrayLevelEmphasis","2.7631549968026815e-07"
"wavelet-HHH","glszm","SmallAreaLowGrayLevelEmphasis","6.991308388034487e-08"
"wavelet-HHH","glszm","ZoneEntropy","0.9999999999999993"
"wavelet-HHH","glszm","ZonePercentage","0.00033344448149383126"
"wavelet-HHH","glszm","ZoneVariance","225.0"
"wavelet-HHH","gldm","DependenceEntropy","4.4118112345081055"
"wavelet-HHH","gldm","DependenceNonUniformity","666.3737912637546"
"wavelet-HHH","gldm","DependenceNonUniformityNormalized","0.1110993316545106"
"wavelet-HHH","gldm","DependenceVariance","7.518922112639303"
"wavelet-HHH","gldm","GrayLevelNonUniformity","2999.075025008336"
"wavelet-HHH","gldm","GrayLevelVariance","0.2499937458312491"
"wavelet-HHH","gldm","HighGrayLevelEmphasis","2.507502500833611"
"wavelet-HHH","gldm","LargeDependenceEmphasis","158.69656552184063"
"wavelet-HHH","gldm","LargeDependenceHighGrayLevelEmphasis","401.25241747249083"
"wavelet-HHH","gldm","LargeDependenceLowGrayLevelEmphasis","98.05760253417806"
"wavelet-HHH","gldm","LowGrayLevelEmphasis","0.6231243747915972"
"wavelet-HHH","gldm","SmallDependenceEmphasis","0.008269836192142542"
"wavelet-HHH","gldm","SmallDependenceHighGrayLevelEmphasis","0.020595404938707266"
"wavelet-HHH","gldm","SmallDependenceLowGrayLevelEmphasis","0.005188444005501362"
"wavelet-HHH","ngtdm","Busyness","1502.5172166586935"
"wavelet-HHH","ngtdm","Coarseness","0.0006557108358229993"
"wavelet-HHH","ngtdm","Complexity","0.5085236712236373"
"wavelet-HHH","ngtdm","Contrast","0.12712814154923016"
"wavelet-HHH","ngtdm","Strength","0.0006557087513398508"
"wavelet-LLL","firstorder","10Percentile","229.835130647385"
"wavelet-LLL","firstorder","90Percentile","361.74560190010993"
"wavelet-LLL","firstorder","Energy","547273203.4304398"
"wavelet-LLL","firstorder","Entropy","3.122480934290229"
"wavelet-LLL","firstorder","InterquartileRange","70.04173038906225"
"wavelet-LLL","firstorder","Kurtosis","3.2599414040213164"
"wavelet-LLL","firstorder","Maximum","463.4596954239504"
"wavelet-LLL","firstorder","MeanAbsoluteDeviation","41.73041908424876"
"wavelet-LLL","firstorder","Mean","297.47079642286513"
"wavelet-LLL","firstorder","Median","300.5428037579961"
"wavelet-LLL","firstorder","Minimum","63.08841723332718"
"wavelet-LLL","firstorder","Range","400.37127819062323"
"wavelet-LLL","firstorder","RobustMeanAbsoluteDeviation","29.142171961205424"
"wavelet-LLL","firstorder","RootMeanSquared","302.0639249838774"
"wavelet-LLL","firstorder","Skewness","-0.3022426639997479"
"wavelet-LLL","firstorder","TotalEnergy","311056206.58234334"
"wavelet-LLL","firstorder","Uniformity","0.13447969374252902"
"wavelet-LLL","firstorder","Variance","2753.740052211881"
"wavelet-LLL","glcm","Autocorrelation","108.28357979738279"
"wavelet-LLL","glcm","ClusterProminence","657.1295007136537"
"wavelet-LLL","glcm","ClusterShade","-13.984330293671961"
"wavelet-LLL","glcm","ClusterTendency","14.107716954351352"
"wavelet-LLL","glcm","Contrast","4.5583637086681685"
"wavelet-LLL","glcm","Correlation","0.512414868323114"
"wavelet-LLL","glcm","DifferenceAverage","1.6544335894063065"
"wavelet-LLL","glcm","DifferenceEntropy","2.3030606634182074"
"wavelet-LLL","glcm","DifferenceVariance","1.761587652480443"
"wavelet-LLL","glcm","Id","0.493074597204291"
"wavelet-LLL","glcm","Idm","0.42854225828156384"
"wavelet-LLL","glcm","Idmn","0.9849624982462241"
"wavelet-LLL","glcm","Idn","0.9158331690275203"
"wavelet-LLL","glcm","Imc1","-0.08374104533671892"
"wavelet-LLL","glcm","Imc2","0.6072008342315174"
"wavelet-LLL","glcm","InverseVariance","0.4192149399373281"
"wavelet-LLL","glcm","JointAverage","10.29058112550918"
"wavelet-LLL","glcm","JointEnergy","0.020683776955710234"
"wavelet-LLL","glcm","JointEntropy","6.036895078606059"
"wavelet-LLL","glcm","MCC","0.5276438961960396"
"wavelet-LLL","glcm","MaximumProbability","0.04142824014546599"
"wavelet-LLL","glcm","SumAverage","20.58116225101836"
"wavelet-LLL","glcm","SumEntropy","3.941992050145017"
"wavelet-LLL","glcm","SumSquares","4.66652016575488"
"wavelet-LLL","glrlm","GrayLevelNonUniformity","655.801688128055"
"wavelet-LLL","glrlm","GrayLevelNonUniformityNormalized","0.13192872479987397"
"wavelet-LLL","glrlm","GrayLevelVariance","4.679784060884233"
"wavelet-LLL","glrlm","HighGrayLevelRunEmphasis","113.04867918898616"
"wavelet-LLL","glrlm","LongRunEmphasis","1.7236007187467928"
"wavelet-LLL","glrlm","LongRunHighGrayLevelEmphasis","193.09859997587998"
"wavelet-LLL","glrlm","LongRunLowGrayLevelEmphasis","0.019206901006415197"
"wavelet-LLL","glrlm","LowGrayLevelRunEmphasis","0.011478620857572008"
"wavelet-LLL","glrlm","RunEntropy","3.9318544201917183"
"wavelet-LLL","glrlm","RunLengthNonUniformity","3540.713086733116"
"wavelet-LLL","glrlm","RunLengthNonUniformityNormalized","0.7103991266474571"
"wavelet-LLL","glrlm","RunPercentage","0.8288916818426654"
"wavelet-LLL","glrlm","RunVariance","0.26056832575892497"
"wavelet-LLL","glrlm","ShortRunEmphasis","0.8679507027828456"
"wavelet-LLL","glrlm","ShortRunHighGrayLevelEmphasis","98.42324924491871"
"wavelet-LLL","glrlm","ShortRunLowGrayLevelEmphasis","0.01004648440312149"
"wavelet-LLL","glszm","GrayLevelNonUniformity","35.69478908188586"
"wavelet-LLL","glszm","GrayLevelNonUniformityNormalized","0.08857267762254555"
"wavelet-LLL","glszm","GrayLevelVariance","11.439587707577783"
"wavelet-LLL","glszm","HighGrayLevelZoneEmphasis","120.8833746898263"
"wavelet-LLL","glszm","LargeAreaEmphasis","8562.322580645161"
"wavelet-LLL","glszm","LargeAreaHighGrayLevelEmphasis","945538.3399503722"
"wavelet-LLL","glszm","LargeAreaLowGrayLevelEmphasis","81.69418672589617"
"wavelet-LLL","glszm","LowGrayLevelZoneEmphasis","0.01701249609063101"
"wavelet-LLL","glszm","SizeZoneNonUniformity","101.56575682382135"
"wavelet-LLL","glszm","SizeZoneNonUniformityNormalized","0.25202421048094625"
"wavelet-LLL","glszm","SmallAreaEmphasis","0.5147702841513034"
"wavelet-LLL","glszm","SmallAreaHighGrayLevelEmphasis","63.761971626459854"
"wavelet-LLL","glszm","SmallAreaLowGrayLevelEmphasis","0.007854425852595541"
"wavelet-LLL","glszm","ZoneEntropy","6.0543200395867505"
"wavelet-LLL","glszm","ZonePercentage","0.06718906302100701"
"wavelet-LLL","glszm","ZoneVariance","8340.8077384874"
"wavelet-LLL","gldm","DependenceEntropy","6.353287532404934"
"wavelet-LLL","gldm","DependenceNonUniformity","691.2127375791931"
"wavelet-LLL","gldm","DependenceNonUniformityNormalized","0.11524053644201285"
"wavelet-LLL","gldm","DependenceVariance","6.285726341369097"
"wavelet-LLL","gldm","GrayLevelNonUniformity","806.6092030676892"
"wavelet-LLL","gldm","GrayLevelVariance","4.508480958585617"
"wavelet-LLL","gldm","HighGrayLevelEmphasis","112.6400466822274"
"wavelet-LLL","gldm","LargeDependenceEmphasis","35.975325108369454"
"wavelet-LLL","gldm","LargeDependenceHighGrayLevelEmphasis","3949.5730243414473"
"wavelet-LLL","gldm","LargeDependenceLowGrayLevelEmphasis","0.38230184448957344"
"wavelet-LLL","gldm","LowGrayLevelEmphasis","0.011353826892096694"
"wavelet-LLL","gldm","SmallDependenceEmphasis","0.0883940065113436"
"wavelet-LLL","gldm","SmallDependenceHighGrayLevelEmphasis","10.458649494053288"
"wavelet-LLL","gldm","SmallDependenceLowGrayLevelEmphasis","0.0011769058565446772"
"wavelet-LLL","ngtdm","Busyness","2.9769995276505488"
"wavelet-LLL","ngtdm","Coarseness","0.0015260712442609933"
"wavelet-LLL","ngtdm","Complexity","128.81683012351095"
"wavelet-LLL","ngtdm","Contrast","0.03318339333090658"
"wavelet-LLL","ngtdm","Strength","0.17251992266662647"
