"Image type","Feature Class","Feature Name","INTAE_BAEK..ABDOMEN_00_LIVE.OBJ1.OBJ1.2022.02.23.19.18.55_segment_INTAE_BAEK..ABDOMEN_00_LIVE.OBJ1.OBJ1.2022.02.23.19.18.55"
"diagnostics","Versions","PyRadiomics","v3.0.1.post4+gad5b2de"
"diagnostics","Versions","Numpy","1.19.2"
"diagnostics","Versions","SimpleITK","2.0.2"
"diagnostics","Versions","PyWavelet","1.1.1"
"diagnostics","Versions","Python","3.6.7"
"diagnostics","Configuration","Settings","{'minimumROIDimensions': 2, 'minimumROISize': None, 'normalize': False, 'normalizeScale': 1, 'removeOutliers': None, 'resampledPixelSpacing': None, 'interpolator': 'sitkBSpline', 'preCrop': False, 'padDistance': 5, 'distances': [1], 'force2D': False, 'force2Ddimension': 0, 'resegmentRange': None, 'label': 1, 'additionalInfo': True, 'binWidth': 25, 'correctMask': True}"
"diagnostics","Configuration","EnabledImageTypes","{'Original': {}, 'Wavelet': {}}"
"diagnostics","Image-original","Hash","e8198059b3449599be5392cefac12e4b617fd88e"
"diagnostics","Image-original","Dimensionality","3D"
"diagnostics","Image-original","Spacing","(0.6621093750000001, 0.6621093750000001, 1.0)"
"diagnostics","Image-original","Size","(512, 512, 197)"
"diagnostics","Image-original","Mean","-441.12559174281085"
"diagnostics","Image-original","Minimum","-1024.0"
"diagnostics","Image-original","Maximum","1510.0"
"diagnostics","Mask-original","Hash","e2939ff118474fcb623f736d85ee5a781710b902"
"diagnostics","Mask-original","Spacing","(0.6621093750000001, 0.6621093750000001, 1.0)"
"diagnostics","Mask-original","Size","(512, 512, 197)"
"diagnostics","Mask-original","BoundingBox","(123, 280, 83, 23, 23, 18)"
"diagnostics","Mask-original","VoxelNum","4239"
"diagnostics","Mask-original","VolumeNum","1"
"diagnostics","Mask-original","CenterOfMassIndex","(133.96272705826846, 289.8577494692144, 90.21726822363765)"
"diagnostics","Mask-original","CenterOfMass","(-74.47096782665427, -143.75141197253183, 1197.3172682236373)"
"original","shape","Elongation","0.8172477687914531"
"original","shape","Flatness","0.734068650056362"
"original","shape","LeastAxisLength","12.160990392300969"
"original","shape","MajorAxisLength","16.56655735314026"
"original","shape","Maximum2DDiameterColumn","18.301904835605836"
"original","shape","Maximum2DDiameterRow","18.821752459085832"
"original","shape","Maximum2DDiameterSlice","16.552734375000004"
"original","shape","Maximum3DDiameter","19.873833484125207"
"original","shape","MeshVolume","1848.7587375640871"
"original","shape","MinorAxisLength","13.53898203340952"
"original","shape","Sphericity","0.796194326156353"
"original","shape","SurfaceArea","914.9243913956752"
"original","shape","SurfaceVolumeRatio","0.4948857700065147"
"original","shape","VoxelVolume","1858.330226898194"
"original","firstorder","10Percentile","83.80000000000001"
"original","firstorder","90Percentile","151.0"
"original","firstorder","Energy","60726448.0"
"original","firstorder","Entropy","2.162530340663193"
"original","firstorder","InterquartileRange","35.0"
"original","firstorder","Kurtosis","3.109964414888801"
"original","firstorder","Maximum","225.0"
"original","firstorder","MeanAbsoluteDeviation","20.794149029326476"
"original","firstorder","Mean","116.79924510497759"
"original","firstorder","Median","116.0"
"original","firstorder","Minimum","19.0"
"original","firstorder","Range","206.0"
"original","firstorder","RobustMeanAbsoluteDeviation","14.622177711270801"
"original","firstorder","RootMeanSquared","119.68982481279626"
"original","firstorder","Skewness","0.10637182428642"
"original","firstorder","TotalEnergy","26621796.152526867"
"original","firstorder","Uniformity","0.26105656475906636"
"original","firstorder","Variance","683.5905066252267"
"original","glcm","Autocorrelation","27.66225937179659"
"original","glcm","ClusterProminence","31.533772774686117"
"original","glcm","ClusterShade","0.6056652950848704"
"original","glcm","ClusterTendency","3.157755093996494"
"original","glcm","Contrast","1.5292956910986297"
"original","glcm","Correlation","0.3475831556128475"
"original","glcm","DifferenceAverage","0.9237733389301588"
"original","glcm","DifferenceEntropy","1.6575229974668813"
"original","glcm","DifferenceVariance","0.6582109138206308"
"original","glcm","Id","0.6262085997445368"
"original","glcm","Idm","0.5978948529122763"
"original","glcm","Idmn","0.9853852884886662"
"original","glcm","Idn","0.9204183031030418"
"original","glcm","Imc1","-0.05898746613772462"
"original","glcm","Imc2","0.42405911907707655"
"original","glcm","InverseVariance","0.509660762525914"
"original","glcm","JointAverage","5.220636706671213"
"original","glcm","JointEnergy","0.0744676339185397"
"original","glcm","JointEntropy","4.190732412480745"
"original","glcm","MCC","0.35680011671061673"
"original","glcm","MaximumProbability","0.14743456547638054"
"original","glcm","SumAverage","10.441273413342422"
"original","glcm","SumEntropy","2.8675765724111484"
"original","glcm","SumSquares","1.1717626962737813"
"original","glrlm","GrayLevelNonUniformity","732.345102236533"
"original","glrlm","GrayLevelNonUniformityNormalized","0.24314308569714813"
"original","glrlm","GrayLevelVariance","1.3280783662197986"
"original","glrlm","HighGrayLevelRunEmphasis","28.135828821531714"
"original","glrlm","LongRunEmphasis","2.6449524296775686"
"original","glrlm","LongRunHighGrayLevelEmphasis","74.13532954807873"
"original","glrlm","LongRunLowGrayLevelEmphasis","0.11113707548775523"
"original","glrlm","LowGrayLevelRunEmphasis","0.0450741867921944"
"original","glrlm","RunEntropy","3.433341953062668"
"original","glrlm","RunLengthNonUniformity","1694.6975790814627"
"original","glrlm","RunLengthNonUniformityNormalized","0.5584206619112546"
"original","glrlm","RunPercentage","0.7108352840836918"
"original","glrlm","RunVariance","0.6320396657517076"
"original","glrlm","ShortRunEmphasis","0.7730715906404192"
"original","glrlm","ShortRunHighGrayLevelEmphasis","21.74931756025241"
"original","glrlm","ShortRunLowGrayLevelEmphasis","0.03579936518737203"
"original","glszm","GrayLevelNonUniformity","30.148936170212767"
"original","glszm","GrayLevelNonUniformityNormalized","0.2138222423419345"
"original","glszm","GrayLevelVariance","5.115235652130176"
"original","glszm","HighGrayLevelZoneEmphasis","28.51063829787234"
"original","glszm","LargeAreaEmphasis","31400.843971631206"
"original","glszm","LargeAreaHighGrayLevelEmphasis","849837.2056737589"
"original","glszm","LargeAreaLowGrayLevelEmphasis","1245.9084096852557"
"original","glszm","LowGrayLevelZoneEmphasis","0.09511760358201594"
"original","glszm","SizeZoneNonUniformity","32.148936170212764"
"original","glszm","SizeZoneNonUniformityNormalized","0.22800663950505506"
"original","glszm","SmallAreaEmphasis","0.48130676643432996"
"original","glszm","SmallAreaHighGrayLevelEmphasis","12.819851536927843"
"original","glszm","SmallAreaLowGrayLevelEmphasis","0.062157149341690796"
"original","glszm","ZoneEntropy","4.960798643020671"
"original","glszm","ZonePercentage","0.03326256192498231"
"original","glszm","ZoneVariance","30497.010110155425"
"original","gldm","DependenceEntropy","5.8000365253631285"
"original","gldm","DependenceNonUniformity","326.54187308327437"
"original","gldm","DependenceNonUniformityNormalized","0.07703276081228458"
"original","gldm","DependenceVariance","13.253204316449315"
"original","gldm","GrayLevelNonUniformity","1106.6187780136825"
"original","gldm","GrayLevelVariance","1.1781382072055726"
"original","gldm","HighGrayLevelEmphasis","28.113234253361643"
"original","gldm","LargeDependenceEmphasis","85.81434300542581"
"original","gldm","LargeDependenceHighGrayLevelEmphasis","2399.3234253361643"
"original","gldm","LargeDependenceLowGrayLevelEmphasis","3.4053886363418875"
"original","gldm","LowGrayLevelEmphasis","0.043719011282354496"
"original","gldm","SmallDependenceEmphasis","0.04141693189649763"
"original","gldm","SmallDependenceHighGrayLevelEmphasis","1.1419589144878068"
"original","gldm","SmallDependenceLowGrayLevelEmphasis","0.003291135723447248"
"original","ngtdm","Busyness","7.953510292823246"
"original","ngtdm","Coarseness","0.0018574861475112597"
"original","ngtdm","Complexity","28.120429973269474"
"original","ngtdm","Contrast","0.016510047142878733"
"original","ngtdm","Strength","0.07125822105956064"
"wavelet-LLH","firstorder","10Percentile","-21.616667727891933"
"wavelet-LLH","firstorder","90Percentile","20.42271205384902"
"wavelet-LLH","firstorder","Energy","1189663.0111230928"
"wavelet-LLH","firstorder","Entropy","1.5889191428583873"
"wavelet-LLH","firstorder","InterquartileRange","22.099490149792906"
"wavelet-LLH","firstorder","Kurtosis","3.185079901172334"
"wavelet-LLH","firstorder","Maximum","59.817391577202876"
"wavelet-LLH","firstorder","MeanAbsoluteDeviation","13.225367698549595"
"wavelet-LLH","firstorder","Mean","-1.0231149172235994"
"wavelet-LLH","firstorder","Median","-1.0005715280009877"
"wavelet-LLH","firstorder","Minimum","-63.86169983521499"
"wavelet-LLH","firstorder","Range","123.67909141241788"
"wavelet-LLH","firstorder","RobustMeanAbsoluteDeviation","9.145543651039896"
"wavelet-LLH","firstorder","RootMeanSquared","16.752524860480367"
"wavelet-LLH","firstorder","Skewness","-0.025025740841243007"
"wavelet-LLH","firstorder","TotalEnergy","521534.96895323566"
"wavelet-LLH","firstorder","Uniformity","0.38478504318603"
"wavelet-LLH","firstorder","Variance","279.60032506716726"
"wavelet-LLH","glcm","Autocorrelation","12.042339706878172"
"wavelet-LLH","glcm","ClusterProminence","4.88660936671615"
"wavelet-LLH","glcm","ClusterShade","-0.021508548041805995"
"wavelet-LLH","glcm","ClusterTendency","1.2478858862071494"
"wavelet-LLH","glcm","Contrast","0.8478210928810035"
"wavelet-LLH","glcm","Correlation","0.19074648146367476"
"wavelet-LLH","glcm","DifferenceAverage","0.6484357633579823"
"wavelet-LLH","glcm","DifferenceEntropy","1.3493694255370723"
"wavelet-LLH","glcm","DifferenceVariance","0.41706639041594773"
"wavelet-LLH","glcm","Id","0.7073167366367917"
"wavelet-LLH","glcm","Idm","0.6956942362190828"
"wavelet-LLH","glcm","Idmn","0.9780255113689923"
"wavelet-LLH","glcm","Idn","0.9108451060902725"
"wavelet-LLH","glcm","Imc1","-0.03770803879370594"
"wavelet-LLH","glcm","Imc2","0.24803478068383006"
"wavelet-LLH","glcm","InverseVariance","0.48980811993558027"
"wavelet-LLH","glcm","JointAverage","3.4557660968287247"
"wavelet-LLH","glcm","JointEnergy","0.15675699322417372"
"wavelet-LLH","glcm","JointEntropy","3.101125166779203"
"wavelet-LLH","glcm","MCC","0.2035659447573196"
"wavelet-LLH","glcm","MaximumProbability","0.22697553222346015"
"wavelet-LLH","glcm","SumAverage","6.911532193657449"
"wavelet-LLH","glcm","SumEntropy","2.193102671440769"
"wavelet-LLH","glcm","SumSquares","0.5239267447720383"
"wavelet-LLH","glrlm","GrayLevelNonUniformity","889.1425115425168"
"wavelet-LLH","glrlm","GrayLevelNonUniformityNormalized","0.3444099214526525"
"wavelet-LLH","glrlm","GrayLevelVariance","0.6568833363101523"
"wavelet-LLH","glrlm","HighGrayLevelRunEmphasis","12.648800099649982"
"wavelet-LLH","glrlm","LongRunEmphasis","4.028678390070287"
"wavelet-LLH","glrlm","LongRunHighGrayLevelEmphasis","49.60986582868689"
"wavelet-LLH","glrlm","LongRunLowGrayLevelEmphasis","0.3805344759795805"
"wavelet-LLH","glrlm","LowGrayLevelRunEmphasis","0.10346245518254747"
"wavelet-LLH","glrlm","RunEntropy","3.2552125021111276"
"wavelet-LLH","glrlm","RunLengthNonUniformity","1172.5452707921372"
"wavelet-LLH","glrlm","RunLengthNonUniformityNormalized","0.4472019890553883"
"wavelet-LLH","glrlm","RunPercentage","0.6086341118188252"
"wavelet-LLH","glrlm","RunVariance","1.2098287672974968"
"wavelet-LLH","glrlm","ShortRunEmphasis","0.685347565736258"
"wavelet-LLH","glrlm","ShortRunHighGrayLevelEmphasis","8.746441294478924"
"wavelet-LLH","glrlm","ShortRunLowGrayLevelEmphasis","0.07427571343104605"
"wavelet-LLH","glszm","GrayLevelNonUniformity","48.3968253968254"
"wavelet-LLH","glszm","GrayLevelNonUniformityNormalized","0.3841017888636936"
"wavelet-LLH","glszm","GrayLevelVariance","2.547556059460821"
"wavelet-LLH","glszm","HighGrayLevelZoneEmphasis","15.246031746031745"
"wavelet-LLH","glszm","LargeAreaEmphasis","53642.40476190476"
"wavelet-LLH","glszm","LargeAreaHighGrayLevelEmphasis","658563.1507936508"
"wavelet-LLH","glszm","LargeAreaLowGrayLevelEmphasis","4743.884627425044"
"wavelet-LLH","glszm","LowGrayLevelZoneEmphasis","0.18350970017636684"
"wavelet-LLH","glszm","SizeZoneNonUniformity","23.03174603174603"
"wavelet-LLH","glszm","SizeZoneNonUniformityNormalized","0.18279163517258756"
"wavelet-LLH","glszm","SmallAreaEmphasis","0.40919284765630526"
"wavelet-LLH","glszm","SmallAreaHighGrayLevelEmphasis","7.006454695771038"
"wavelet-LLH","glszm","SmallAreaLowGrayLevelEmphasis","0.08528347726213635"
"wavelet-LLH","glszm","ZoneEntropy","4.481221118784116"
"wavelet-LLH","glszm","ZonePercentage","0.029723991507430998"
"wavelet-LLH","glszm","ZoneVariance","52510.56292517006"
"wavelet-LLH","gldm","DependenceEntropy","5.40856689441372"
"wavelet-LLH","gldm","DependenceNonUniformity","262.2757725878745"
"wavelet-LLH","gldm","DependenceNonUniformityNormalized","0.061872086007991156"
"wavelet-LLH","gldm","DependenceVariance","20.49290357608477"
"wavelet-LLH","gldm","GrayLevelNonUniformity","1631.1037980655815"
"wavelet-LLH","gldm","GrayLevelVariance","0.530145909752625"
"wavelet-LLH","gldm","HighGrayLevelEmphasis","12.508374616654871"
"wavelet-LLH","gldm","LargeDependenceEmphasis","145.38499646142958"
"wavelet-LLH","gldm","LargeDependenceHighGrayLevelEmphasis","1772.6102854446804"
"wavelet-LLH","gldm","LargeDependenceLowGrayLevelEmphasis","13.166799494115489"
"wavelet-LLH","gldm","LowGrayLevelEmphasis","0.09882630861576368"
"wavelet-LLH","gldm","SmallDependenceEmphasis","0.029839587080649026"
"wavelet-LLH","gldm","SmallDependenceHighGrayLevelEmphasis","0.43517381442484215"
"wavelet-LLH","gldm","SmallDependenceLowGrayLevelEmphasis","0.004773573884332608"
"wavelet-LLH","ngtdm","Busyness","27.266532472979787"
"wavelet-LLH","ngtdm","Coarseness","0.001463698879660733"
"wavelet-LLH","ngtdm","Complexity","7.785595590298778"
"wavelet-LLH","ngtdm","Contrast","0.018091666785718916"
"wavelet-LLH","ngtdm","Strength","0.019070105301038382"
"wavelet-LHL","firstorder","10Percentile","-32.21926962830482"
"wavelet-LHL","firstorder","90Percentile","30.965565132234843"
"wavelet-LHL","firstorder","Energy","2551024.7539460594"
"wavelet-LHL","firstorder","Entropy","2.076355139609796"
"wavelet-LHL","firstorder","InterquartileRange","33.70629850079783"
"wavelet-LHL","firstorder","Kurtosis","2.8912656410670134"
"wavelet-LHL","firstorder","Maximum","88.48990507660933"
"wavelet-LHL","firstorder","MeanAbsoluteDeviation","19.656247555274568"
"wavelet-LHL","firstorder","Mean","-0.8948900512793236"
"wavelet-LHL","firstorder","Median","-1.1924218332422174"
"wavelet-LHL","firstorder","Minimum","-87.05369544934678"
"wavelet-LHL","firstorder","Range","175.5436005259561"
"wavelet-LHL","firstorder","RobustMeanAbsoluteDeviation","13.868363660452427"
"wavelet-LHL","firstorder","RootMeanSquared","24.53158607286347"
"wavelet-LHL","firstorder","Skewness","-0.00422475175722239"
"wavelet-LHL","firstorder","TotalEnergy","1118340.7430581483"
"wavelet-LHL","firstorder","Uniformity","0.27442694609268864"
"wavelet-LHL","firstorder","Variance","600.9978870464302"
"wavelet-LHL","glcm","Autocorrelation","20.01668251502086"
"wavelet-LHL","glcm","ClusterProminence","18.901937037380176"
"wavelet-LHL","glcm","ClusterShade","0.00911843030683767"
"wavelet-LHL","glcm","ClusterTendency","2.490494025417701"
"wavelet-LHL","glcm","Contrast","1.7214963428672774"
"wavelet-LHL","glcm","Correlation","0.18321101835796386"
"wavelet-LHL","glcm","DifferenceAverage","0.9723362851022745"
"wavelet-LHL","glcm","DifferenceEntropy","1.6978568333872206"
"wavelet-LHL","glcm","DifferenceVariance","0.7238390561077735"
"wavelet-LHL","glcm","Id","0.6193727750626562"
"wavelet-LHL","glcm","Idm","0.587394009878711"
"wavelet-LHL","glcm","Idmn","0.9751512881397838"
"wavelet-LHL","glcm","Idn","0.8997897095569087"
"wavelet-LHL","glcm","Imc1","-0.055115074417741744"
"wavelet-LHL","glcm","Imc2","0.2911323192930631"
"wavelet-LHL","glcm","InverseVariance","0.48979620610354274"
"wavelet-LHL","glcm","JointAverage","4.452463123851455"
"wavelet-LHL","glcm","JointEnergy","0.08133958647595364"
"wavelet-LHL","glcm","JointEntropy","4.0517081135515"
"wavelet-LHL","glcm","MCC","0.2334888673904871"
"wavelet-LHL","glcm","MaximumProbability","0.14586747376310277"
"wavelet-LHL","glcm","SumAverage","8.90492624770291"
"wavelet-LHL","glcm","SumEntropy","2.682829292827816"
"wavelet-LHL","glcm","SumSquares","1.0529975920712447"
"wavelet-LHL","glrlm","GrayLevelNonUniformity","762.8506213094877"
"wavelet-LHL","glrlm","GrayLevelNonUniformityNormalized","0.2529969306075986"
"wavelet-LHL","glrlm","GrayLevelVariance","1.1925564110238678"
"wavelet-LHL","glrlm","HighGrayLevelRunEmphasis","21.149006583959494"
"wavelet-LHL","glrlm","LongRunEmphasis","2.728594592895073"
"wavelet-LHL","glrlm","LongRunHighGrayLevelEmphasis","56.23806000358134"
"wavelet-LHL","glrlm","LongRunLowGrayLevelEmphasis","0.16157454546790675"
"wavelet-LHL","glrlm","LowGrayLevelRunEmphasis","0.06338258273117103"
"wavelet-LHL","glrlm","RunEntropy","3.3351246161827457"
"wavelet-LHL","glrlm","RunLengthNonUniformity","1729.979144595536"
"wavelet-LHL","glrlm","RunLengthNonUniformityNormalized","0.5625173739261323"
"wavelet-LHL","glrlm","RunPercentage","0.7122144192207887"
"wavelet-LHL","glrlm","RunVariance","0.6610157464396528"
"wavelet-LHL","glrlm","ShortRunEmphasis","0.7717097508942696"
"wavelet-LHL","glrlm","ShortRunHighGrayLevelEmphasis","16.444160045438114"
"wavelet-LHL","glrlm","ShortRunLowGrayLevelEmphasis","0.050234298445512304"
"wavelet-LHL","glszm","GrayLevelNonUniformity","32.758389261744966"
"wavelet-LHL","glszm","GrayLevelNonUniformityNormalized","0.21985496148822126"
"wavelet-LHL","glszm","GrayLevelVariance","4.157110040088284"
"wavelet-LHL","glszm","HighGrayLevelZoneEmphasis","22.664429530201343"
"wavelet-LHL","glszm","LargeAreaEmphasis","29142.073825503358"
"wavelet-LHL","glszm","LargeAreaHighGrayLevelEmphasis","590570.9798657718"
"wavelet-LHL","glszm","LargeAreaLowGrayLevelEmphasis","1526.9639121543473"
"wavelet-LHL","glszm","LowGrayLevelZoneEmphasis","0.12089879240286719"
"wavelet-LHL","glszm","SizeZoneNonUniformity","26.288590604026847"
"wavelet-LHL","glszm","SizeZoneNonUniformityNormalized","0.17643349398675737"
"wavelet-LHL","glszm","SmallAreaEmphasis","0.4100786219168716"
"wavelet-LHL","glszm","SmallAreaHighGrayLevelEmphasis","9.06372623765213"
"wavelet-LHL","glszm","SmallAreaLowGrayLevelEmphasis","0.0577341184168405"
"wavelet-LHL","glszm","ZoneEntropy","5.135271980715931"
"wavelet-LHL","glszm","ZonePercentage","0.03514979948100967"
"wavelet-LHL","glszm","ZoneVariance","28332.690419350474"
"wavelet-LHL","gldm","DependenceEntropy","5.688992698187966"
"wavelet-LHL","gldm","DependenceNonUniformity","309.76669025713613"
"wavelet-LHL","gldm","DependenceNonUniformityNormalized","0.07307541643244542"
"wavelet-LHL","gldm","DependenceVariance","14.470497916954313"
"wavelet-LHL","gldm","GrayLevelNonUniformity","1163.2958244869073"
"wavelet-LHL","gldm","GrayLevelVariance","1.0429281432297106"
"wavelet-LHL","gldm","HighGrayLevelEmphasis","20.934654399622552"
"wavelet-LHL","gldm","LargeDependenceEmphasis","86.42203349846662"
"wavelet-LHL","gldm","LargeDependenceHighGrayLevelEmphasis","1734.1075725406936"
"wavelet-LHL","gldm","LargeDependenceLowGrayLevelEmphasis","4.837521652012224"
"wavelet-LHL","gldm","LowGrayLevelEmphasis","0.061517869513142996"
"wavelet-LHL","gldm","SmallDependenceEmphasis","0.04225225556799854"
"wavelet-LHL","gldm","SmallDependenceHighGrayLevelEmphasis","0.9251739757174005"
"wavelet-LHL","gldm","SmallDependenceLowGrayLevelEmphasis","0.004029048504333645"
"wavelet-LHL","ngtdm","Busyness","14.549425687041177"
"wavelet-LHL","ngtdm","Coarseness","0.0016216115631452646"
"wavelet-LHL","ngtdm","Complexity","18.99015214073984"
"wavelet-LHL","ngtdm","Contrast","0.02614080517013571"
"wavelet-LHL","ngtdm","Strength","0.0338529923415339"
"wavelet-LHH","firstorder","10Percentile","-10.20391440523548"
"wavelet-LHH","firstorder","90Percentile","9.953656823069323"
"wavelet-LHH","firstorder","Energy","261470.33358187624"
"wavelet-LHH","firstorder","Entropy","1.0152662882427865"
"wavelet-LHH","firstorder","InterquartileRange","10.876078843400517"
"wavelet-LHH","firstorder","Kurtosis","2.9348041428460796"
"wavelet-LHH","firstorder","Maximum","29.353880696861243"
"wavelet-LHH","firstorder","MeanAbsoluteDeviation","6.3023471743025725"
"wavelet-LHH","firstorder","Mean","0.06366735541317044"
"wavelet-LHH","firstorder","Median","0.09189952417227498"
"wavelet-LHH","firstorder","Minimum","-29.333159045071888"
"wavelet-LHH","firstorder","Range","58.687039741933134"
"wavelet-LHH","firstorder","RobustMeanAbsoluteDeviation","4.452019596376127"
"wavelet-LHH","firstorder","RootMeanSquared","7.853793934484148"
"wavelet-LHH","firstorder","Skewness","0.014179651844320938"
"wavelet-LHH","firstorder","TotalEnergy","114625.67217087865"
"wavelet-LHH","firstorder","Uniformity","0.4986247796984616"
"wavelet-LHH","firstorder","Variance","61.678025633194686"
"wavelet-LHH","glcm","Autocorrelation","6.282449855327233"
"wavelet-LHH","glcm","ClusterProminence","0.5475081049486126"
"wavelet-LHH","glcm","ClusterShade","-0.002062057236259189"
"wavelet-LHH","glcm","ClusterTendency","0.5283396008834605"
"wavelet-LHH","glcm","Contrast","0.48350132024864667"
"wavelet-LHH","glcm","Correlation","0.04430207966050648"
"wavelet-LHH","glcm","DifferenceAverage","0.48075269904399387"
"wavelet-LHH","glcm","DifferenceEntropy","0.9996880867300569"
"wavelet-LHH","glcm","DifferenceVariance","0.24812944715775043"
"wavelet-LHH","glcm","Id","0.760081754012112"
"wavelet-LHH","glcm","Idm","0.7598985125984684"
"wavelet-LHH","glcm","Idmn","0.9716072509478089"
"wavelet-LHH","glcm","Idn","0.9039410808980229"
"wavelet-LHH","glcm","Imc1","-0.0144643352824918"
"wavelet-LHH","glcm","Imc2","0.09576608508429844"
"wavelet-LHH","glcm","InverseVariance","0.47834765548992275"
"wavelet-LHH","glcm","JointAverage","2.504244323883053"
"wavelet-LHH","glcm","JointEnergy","0.25321704595167327"
"wavelet-LHH","glcm","JointEntropy","2.0171909727107105"
"wavelet-LHH","glcm","MCC","0.07956854726285324"
"wavelet-LHH","glcm","MaximumProbability","0.26957933245479987"
"wavelet-LHH","glcm","SumAverage","5.008488647766106"
"wavelet-LHH","glcm","SumEntropy","1.5246986747787283"
"wavelet-LHH","glcm","SumSquares","0.25296023028302683"
"wavelet-LHH","glrlm","GrayLevelNonUniformity","1143.668904628141"
"wavelet-LHH","glrlm","GrayLevelNonUniformityNormalized","0.49735378581247774"
"wavelet-LHH","glrlm","GrayLevelVariance","0.2553239162724762"
"wavelet-LHH","glrlm","HighGrayLevelRunEmphasis","6.5243351003165095"
"wavelet-LHH","glrlm","LongRunEmphasis","5.282465564394656"
"wavelet-LHH","glrlm","LongRunHighGrayLevelEmphasis","34.53154079351991"
"wavelet-LHH","glrlm","LongRunLowGrayLevelEmphasis","0.9492005609541467"
"wavelet-LHH","glrlm","LowGrayLevelRunEmphasis","0.18073259862283786"
"wavelet-LHH","glrlm","RunEntropy","2.820730816526341"
"wavelet-LHH","glrlm","RunLengthNonUniformity","891.3419603585634"
"wavelet-LHH","glrlm","RunLengthNonUniformityNormalized","0.38026965893583087"
"wavelet-LHH","glrlm","RunPercentage","0.5423993322082494"
"wavelet-LHH","glrlm","RunVariance","1.6004326316713247"
"wavelet-LHH","glrlm","ShortRunEmphasis","0.6027390196635012"
"wavelet-LHH","glrlm","ShortRunHighGrayLevelEmphasis","3.9309469319480645"
"wavelet-LHH","glrlm","ShortRunLowGrayLevelEmphasis","0.10931580484489231"
"wavelet-LHH","glszm","GrayLevelNonUniformity","2.75"
"wavelet-LHH","glszm","GrayLevelNonUniformityNormalized","0.34375"
"wavelet-LHH","glszm","GrayLevelVariance","1.609375"
"wavelet-LHH","glszm","HighGrayLevelZoneEmphasis","9.875"
"wavelet-LHH","glszm","LargeAreaEmphasis","1119979.375"
"wavelet-LHH","glszm","LargeAreaHighGrayLevelEmphasis","7328813.375"
"wavelet-LHH","glszm","LargeAreaLowGrayLevelEmphasis","200859.08680555556"
"wavelet-LHH","glszm","LowGrayLevelZoneEmphasis","0.3263888888888889"
"wavelet-LHH","glszm","SizeZoneNonUniformity","4.75"
"wavelet-LHH","glszm","SizeZoneNonUniformityNormalized","0.59375"
"wavelet-LHH","glszm","SmallAreaEmphasis","0.7500000558216935"
"wavelet-LHH","glszm","SmallAreaHighGrayLevelEmphasis","8.25000036040155"
"wavelet-LHH","glszm","SmallAreaLowGrayLevelEmphasis","0.2812500101466796"
"wavelet-LHH","glszm","ZoneEntropy","1.7499999999999987"
"wavelet-LHH","glszm","ZonePercentage","0.001887237556027365"
"wavelet-LHH","glszm","ZoneVariance","839211.859375"
"wavelet-LHH","gldm","DependenceEntropy","4.669644549239787"
"wavelet-LHH","gldm","DependenceNonUniformity","392.5069591884878"
"wavelet-LHH","gldm","DependenceNonUniformityNormalized","0.09259423429782682"
"wavelet-LHH","gldm","DependenceVariance","10.22211982433643"
"wavelet-LHH","gldm","GrayLevelNonUniformity","2113.6704411417786"
"wavelet-LHH","gldm","GrayLevelVariance","0.25280513164778623"
"wavelet-LHH","gldm","HighGrayLevelEmphasis","6.528190610993159"
"wavelet-LHH","gldm","LargeDependenceEmphasis","176.57065345600378"
"wavelet-LHH","gldm","LargeDependenceHighGrayLevelEmphasis","1154.6234961075725"
"wavelet-LHH","gldm","LargeDependenceLowGrayLevelEmphasis","31.689202117899924"
"wavelet-LHH","gldm","LowGrayLevelEmphasis","0.1802246336924327"
"wavelet-LHH","gldm","SmallDependenceEmphasis","0.00946866000050037"
"wavelet-LHH","gldm","SmallDependenceHighGrayLevelEmphasis","0.06741670049066813"
"wavelet-LHH","gldm","SmallDependenceLowGrayLevelEmphasis","0.0019987028732381317"
"wavelet-LHH","ngtdm","Busyness","91.15447588276544"
"wavelet-LHH","ngtdm","Coarseness","0.0009941313481311301"
"wavelet-LHH","ngtdm","Complexity","3.329788289224554"
"wavelet-LHH","ngtdm","Contrast","0.0201119666898348"
"wavelet-LHH","ngtdm","Strength","0.005941782739512434"
"wavelet-HLL","firstorder","10Percentile","-40.496780384335516"
"wavelet-HLL","firstorder","90Percentile","39.39779494633986"
"wavelet-HLL","firstorder","Energy","4107624.4981245594"
"wavelet-HLL","firstorder","Entropy","2.4014527847565272"
"wavelet-HLL","firstorder","InterquartileRange","42.375641684664586"
"wavelet-HLL","firstorder","Kurtosis","2.874952983432987"
"wavelet-HLL","firstorder","Maximum","95.34778257216077"
"wavelet-HLL","firstorder","MeanAbsoluteDeviation","24.967108286861546"
"wavelet-HLL","firstorder","Mean","-0.8710815637272038"
"wavelet-HLL","firstorder","Median","-0.09621301149201122"
"wavelet-HLL","firstorder","Minimum","-109.10353042820073"
"wavelet-HLL","firstorder","Range","204.4513130003615"
"wavelet-HLL","firstorder","RobustMeanAbsoluteDeviation","17.586975573360714"
"wavelet-HLL","firstorder","RootMeanSquared","31.128891762554616"
"wavelet-HLL","firstorder","Skewness","-0.08103207308001002"
"wavelet-HLL","firstorder","TotalEnergy","1800736.6750677973"
"wavelet-HLL","firstorder","Uniformity","0.219656097813577"
"wavelet-HLL","firstorder","Variance","968.2491192741753"
"wavelet-HLL","glcm","Autocorrelation","30.077180475514467"
"wavelet-HLL","glcm","ClusterProminence","44.14909818304302"
"wavelet-HLL","glcm","ClusterShade","-0.4276837170062856"
"wavelet-HLL","glcm","ClusterTendency","3.7301418678695977"
"wavelet-HLL","glcm","Contrast","2.8224452047118076"
"wavelet-HLL","glcm","Correlation","0.13814605189659432"
"wavelet-HLL","glcm","DifferenceAverage","1.2597255796730056"
"wavelet-HLL","glcm","DifferenceEntropy","1.9719176148520607"
"wavelet-HLL","glcm","DifferenceVariance","1.13443171192652"
"wavelet-HLL","glcm","Id","0.5624080071454522"
"wavelet-HLL","glcm","Idm","0.5160490656337241"
"wavelet-HLL","glcm","Idmn","0.9686273273648985"
"wavelet-HLL","glcm","Idn","0.8868080127777583"
"wavelet-HLL","glcm","Imc1","-0.05635464477527714"
"wavelet-HLL","glcm","Imc2","0.3330654802884123"
"wavelet-HLL","glcm","InverseVariance","0.46407453855715597"
"wavelet-HLL","glcm","JointAverage","5.463538630427843"
"wavelet-HLL","glcm","JointEnergy","0.053368417154923874"
"wavelet-HLL","glcm","JointEntropy","4.66560420203112"
"wavelet-HLL","glcm","MCC","0.2669129595448982"
"wavelet-HLL","glcm","MaximumProbability","0.09951000017621985"
"wavelet-HLL","glcm","SumAverage","10.927077260855686"
"wavelet-HLL","glcm","SumEntropy","2.96460924280061"
"wavelet-HLL","glcm","SumSquares","1.6381467681453517"
"wavelet-HLL","glrlm","GrayLevelNonUniformity","669.9510974166913"
"wavelet-HLL","glrlm","GrayLevelNonUniformityNormalized","0.2060928947892127"
"wavelet-HLL","glrlm","GrayLevelVariance","1.82055632987294"
"wavelet-HLL","glrlm","HighGrayLevelRunEmphasis","31.527538301454964"
"wavelet-HLL","glrlm","LongRunEmphasis","2.2141254103523447"
"wavelet-HLL","glrlm","LongRunHighGrayLevelEmphasis","69.62707441672104"
"wavelet-HLL","glrlm","LongRunLowGrayLevelEmphasis","0.0888222358247336"
"wavelet-HLL","glrlm","LowGrayLevelRunEmphasis","0.04369607235734978"
"wavelet-HLL","glrlm","RunEntropy","3.4486917666857853"
"wavelet-HLL","glrlm","RunLengthNonUniformity","2089.0935666567775"
"wavelet-HLL","glrlm","RunLengthNonUniformityNormalized","0.6332398144702801"
"wavelet-HLL","glrlm","RunPercentage","0.7677246084889398"
"wavelet-HLL","glrlm","RunVariance","0.46136807276914976"
"wavelet-HLL","glrlm","ShortRunEmphasis","0.8193755746549504"
"wavelet-HLL","glrlm","ShortRunHighGrayLevelEmphasis","25.868423236922983"
"wavelet-HLL","glrlm","ShortRunLowGrayLevelEmphasis","0.036776922888038355"
"wavelet-HLL","glszm","GrayLevelNonUniformity","39.46788990825688"
"wavelet-HLL","glszm","GrayLevelNonUniformityNormalized","0.18104536655163705"
"wavelet-HLL","glszm","GrayLevelVariance","5.886036528911708"
"wavelet-HLL","glszm","HighGrayLevelZoneEmphasis","34.788990825688074"
"wavelet-HLL","glszm","LargeAreaEmphasis","15378.261467889908"
"wavelet-HLL","glszm","LargeAreaHighGrayLevelEmphasis","465929.8899082569"
"wavelet-HLL","glszm","LargeAreaLowGrayLevelEmphasis","546.4688685614833"
"wavelet-HLL","glszm","LowGrayLevelZoneEmphasis","0.08064534618638486"
"wavelet-HLL","glszm","SizeZoneNonUniformity","48.908256880733944"
"wavelet-HLL","glszm","SizeZoneNonUniformityNormalized","0.2243498022052016"
"wavelet-HLL","glszm","SmallAreaEmphasis","0.47325329089925383"
"wavelet-HLL","glszm","SmallAreaHighGrayLevelEmphasis","16.75398583385639"
"wavelet-HLL","glszm","SmallAreaLowGrayLevelEmphasis","0.04119150382679603"
"wavelet-HLL","glszm","ZoneEntropy","5.242530160053255"
"wavelet-HLL","glszm","ZonePercentage","0.05142722340174569"
"wavelet-HLL","glszm","ZoneVariance","15000.155226832761"
"wavelet-HLL","gldm","DependenceEntropy","5.817545208296201"
"wavelet-HLL","gldm","DependenceNonUniformity","361.53597546591175"
"wavelet-HLL","gldm","DependenceNonUniformityNormalized","0.08528803384428209"
"wavelet-HLL","gldm","DependenceVariance","10.934536308147736"
"wavelet-HLL","gldm","GrayLevelNonUniformity","931.1221986317528"
"wavelet-HLL","gldm","GrayLevelVariance","1.6395310599778363"
"wavelet-HLL","gldm","HighGrayLevelEmphasis","31.48478414720453"
"wavelet-HLL","gldm","LargeDependenceEmphasis","60.484312337815524"
"wavelet-HLL","gldm","LargeDependenceHighGrayLevelEmphasis","1900.2236376503893"
"wavelet-HLL","gldm","LargeDependenceLowGrayLevelEmphasis","2.1795373705146828"
"wavelet-HLL","gldm","LowGrayLevelEmphasis","0.042249193940286575"
"wavelet-HLL","gldm","SmallDependenceEmphasis","0.06267459688537172"
"wavelet-HLL","gldm","SmallDependenceHighGrayLevelEmphasis","2.0728972968688977"
"wavelet-HLL","gldm","SmallDependenceLowGrayLevelEmphasis","0.004021409734965621"
"wavelet-HLL","ngtdm","Busyness","11.457444573079883"
"wavelet-HLL","ngtdm","Coarseness","0.0015849217261381286"
"wavelet-HLL","ngtdm","Complexity","30.285944676778975"
"wavelet-HLL","ngtdm","Contrast","0.04160892495274783"
"wavelet-HLL","ngtdm","Strength","0.03960153704892853"
"wavelet-HLH","firstorder","10Percentile","-12.781641939202936"
"wavelet-HLH","firstorder","90Percentile","12.955184074926517"
"wavelet-HLH","firstorder","Energy","435752.2730654208"
"wavelet-HLH","firstorder","Entropy","1.1198699668853216"
"wavelet-HLH","firstorder","InterquartileRange","13.242686466488674"
"wavelet-HLH","firstorder","Kurtosis","3.178743692690958"
"wavelet-HLH","firstorder","Maximum","38.45015005636183"
"wavelet-HLH","firstorder","MeanAbsoluteDeviation","8.006094837191135"
"wavelet-HLH","firstorder","Mean","0.015394044197254821"
"wavelet-HLH","firstorder","Median","0.06286785936070877"
"wavelet-HLH","firstorder","Minimum","-36.69656392917537"
"wavelet-HLH","firstorder","Range","75.14671398553719"
"wavelet-HLH","firstorder","RobustMeanAbsoluteDeviation","5.530851311015683"
"wavelet-HLH","firstorder","RootMeanSquared","10.13883656326845"
"wavelet-HLH","firstorder","Skewness","0.051429893533364295"
"wavelet-HLH","firstorder","TotalEnergy","191028.9267461824"
"wavelet-HLH","firstorder","Uniformity","0.4839916766101135"
"wavelet-HLH","firstorder","Variance","102.79576988007248"
"wavelet-HLH","glcm","Autocorrelation","6.271331391247305"
"wavelet-HLH","glcm","ClusterProminence","0.8228379548499272"
"wavelet-HLH","glcm","ClusterShade","0.0017835952844338899"
"wavelet-HLH","glcm","ClusterTendency","0.5866107125071495"
"wavelet-HLH","glcm","Contrast","0.5493327069965633"
"wavelet-HLH","glcm","Correlation","0.03291836188002438"
"wavelet-HLH","glcm","DifferenceAverage","0.5173539129210251"
"wavelet-HLH","glcm","DifferenceEntropy","1.0852610738477166"
"wavelet-HLH","glcm","DifferenceVariance","0.2757271946346837"
"wavelet-HLH","glcm","Id","0.7466273841506446"
"wavelet-HLH","glcm","Idm","0.7445209229470415"
"wavelet-HLH","glcm","Idmn","0.96825711244237"
"wavelet-HLH","glcm","Idn","0.8975922676867204"
"wavelet-HLH","glcm","Imc1","-0.018611174281924638"
"wavelet-HLH","glcm","Imc2","0.12179767625149791"
"wavelet-HLH","glcm","InverseVariance","0.4896129085629035"
"wavelet-HLH","glcm","JointAverage","2.502400999035433"
"wavelet-HLH","glcm","JointEnergy","0.23882617145435667"
"wavelet-HLH","glcm","JointEntropy","2.227437653668969"
"wavelet-HLH","glcm","MCC","0.09787761235253031"
"wavelet-HLH","glcm","MaximumProbability","0.26122507924863364"
"wavelet-HLH","glcm","SumAverage","5.004801998070866"
"wavelet-HLH","glcm","SumEntropy","1.6271086953708165"
"wavelet-HLH","glcm","SumSquares","0.28398585487592826"
"wavelet-HLH","glrlm","GrayLevelNonUniformity","1125.6529729321142"
"wavelet-HLH","glrlm","GrayLevelNonUniformityNormalized","0.4721849907631673"
"wavelet-HLH","glrlm","GrayLevelVariance","0.30727438769447646"
"wavelet-HLH","glrlm","HighGrayLevelRunEmphasis","6.587394757064751"
"wavelet-HLH","glrlm","LongRunEmphasis","4.890906219893846"
"wavelet-HLH","glrlm","LongRunHighGrayLevelEmphasis","31.889538163867176"
"wavelet-HLH","glrlm","LongRunLowGrayLevelEmphasis","0.8926510233350828"
"wavelet-HLH","glrlm","LowGrayLevelRunEmphasis","0.18892367027490076"
"wavelet-HLH","glrlm","RunEntropy","2.9025711323017243"
"wavelet-HLH","glrlm","RunLengthNonUniformity","957.1091246354027"
"wavelet-HLH","glrlm","RunLengthNonUniformityNormalized","0.3936934291917673"
"wavelet-HLH","glrlm","RunPercentage","0.5619975683669951"
"wavelet-HLH","glrlm","RunVariance","1.438563389924414"
"wavelet-HLH","glrlm","ShortRunEmphasis","0.6233448242324611"
"wavelet-HLH","glrlm","ShortRunHighGrayLevelEmphasis","4.133761828395986"
"wavelet-HLH","glrlm","ShortRunLowGrayLevelEmphasis","0.1207276420733246"
"wavelet-HLH","glszm","GrayLevelNonUniformity","25.037735849056602"
"wavelet-HLH","glszm","GrayLevelNonUniformityNormalized","0.47241011035955854"
"wavelet-HLH","glszm","GrayLevelVariance","2.014951940192239"
"wavelet-HLH","glszm","HighGrayLevelZoneEmphasis","10.132075471698114"
"wavelet-HLH","glszm","LargeAreaEmphasis","163970.4716981132"
"wavelet-HLH","glszm","LargeAreaHighGrayLevelEmphasis","1067581.5283018867"
"wavelet-HLH","glszm","LargeAreaLowGrayLevelEmphasis","29557.407494758907"
"wavelet-HLH","glszm","LowGrayLevelZoneEmphasis","0.4039570230607966"
"wavelet-HLH","glszm","SizeZoneNonUniformity","26.50943396226415"
"wavelet-HLH","glszm","SizeZoneNonUniformityNormalized","0.5001779992880029"
"wavelet-HLH","glszm","SmallAreaEmphasis","0.7279874300683794"
"wavelet-HLH","glszm","SmallAreaHighGrayLevelEmphasis","8.339622697866448"
"wavelet-HLH","glszm","SmallAreaLowGrayLevelEmphasis","0.24492269549101595"
"wavelet-HLH","glszm","ZoneEntropy","2.2895172426427104"
"wavelet-HLH","glszm","ZonePercentage","0.012502948808681292"
"wavelet-HLH","glszm","ZoneVariance","157573.4902100392"
"wavelet-HLH","gldm","DependenceEntropy","4.759743821994273"
"wavelet-HLH","gldm","DependenceNonUniformity","373.8412361405992"
"wavelet-HLH","gldm","DependenceNonUniformityNormalized","0.08819090260452918"
"wavelet-HLH","gldm","DependenceVariance","11.849171030680912"
"wavelet-HLH","gldm","GrayLevelNonUniformity","2051.6407171502715"
"wavelet-HLH","gldm","GrayLevelVariance","0.2825414776827425"
"wavelet-HLH","gldm","HighGrayLevelEmphasis","6.550837461665487"
"wavelet-HLH","gldm","LargeDependenceEmphasis","165.31328143430054"
"wavelet-HLH","gldm","LargeDependenceHighGrayLevelEmphasis","1076.2927577258788"
"wavelet-HLH","gldm","LargeDependenceLowGrayLevelEmphasis","29.819434615082177"
"wavelet-HLH","gldm","LowGrayLevelEmphasis","0.18532607271106916"
"wavelet-HLH","gldm","SmallDependenceEmphasis","0.018608452085653645"
"wavelet-HLH","gldm","SmallDependenceHighGrayLevelEmphasis","0.16597965698751632"
"wavelet-HLH","gldm","SmallDependenceLowGrayLevelEmphasis","0.0053034424815035465"
"wavelet-HLH","ngtdm","Busyness","92.47034242274755"
"wavelet-HLH","ngtdm","Coarseness","0.0010086188099778213"
"wavelet-HLH","ngtdm","Complexity","3.353249521432691"
"wavelet-HLH","ngtdm","Contrast","0.023482561559318545"
"wavelet-HLH","ngtdm","Strength","0.005800001273581527"
"wavelet-HHL","firstorder","10Percentile","-14.984495418572655"
"wavelet-HHL","firstorder","90Percentile","15.080738000602175"
"wavelet-HHL","firstorder","Energy","593838.999760268"
"wavelet-HHL","firstorder","Entropy","1.2339417990744561"
"wavelet-HHL","firstorder","InterquartileRange","15.722584245515776"
"wavelet-HHL","firstorder","Kurtosis","3.009920138652792"
"wavelet-HHL","firstorder","Maximum","41.71888744772906"
"wavelet-HHL","firstorder","MeanAbsoluteDeviation","9.424262529895582"
"wavelet-HHL","firstorder","Mean","-0.07350607005954138"
"wavelet-HHL","firstorder","Median","-0.20386667289556737"
"wavelet-HHL","firstorder","Minimum","-40.22247884449114"
"wavelet-HHL","firstorder","Range","81.94136629222021"
"wavelet-HHL","firstorder","RobustMeanAbsoluteDeviation","6.554910760518622"
"wavelet-HHL","firstorder","RootMeanSquared","11.835937133267603"
"wavelet-HHL","firstorder","Skewness","-0.006097313112100755"
"wavelet-HHL","firstorder","TotalEnergy","260332.3810251228"
"wavelet-HHL","firstorder","Uniformity","0.4633164304475439"
"wavelet-HHL","firstorder","Variance","140.0840046803273"
"wavelet-HHL","glcm","Autocorrelation","6.2336065803895035"
"wavelet-HHL","glcm","ClusterProminence","1.2812848405986523"
"wavelet-HHL","glcm","ClusterShade","0.00313104643400898"
"wavelet-HHL","glcm","ClusterTendency","0.6827589029418581"
"wavelet-HHL","glcm","Contrast","0.6329481836739628"
"wavelet-HHL","glcm","Correlation","0.037731096101135286"
"wavelet-HHL","glcm","DifferenceAverage","0.5583782784820754"
"wavelet-HHL","glcm","DifferenceEntropy","1.1725112445513823"
"wavelet-HHL","glcm","DifferenceVariance","0.31352120966762315"
"wavelet-HHL","glcm","Id","0.7330461306639927"
"wavelet-HHL","glcm","Idm","0.7282678512781511"
"wavelet-HHL","glcm","Idmn","0.9641327502136489"
"wavelet-HHL","glcm","Idn","0.8907879452240439"
"wavelet-HHL","glcm","Imc1","-0.021697479539741514"
"wavelet-HHL","glcm","Imc2","0.14036527743568383"
"wavelet-HHL","glcm","InverseVariance","0.49495283902704035"
"wavelet-HHL","glcm","JointAverage","2.49422399914863"
"wavelet-HHL","glcm","JointEnergy","0.21912853531488888"
"wavelet-HHL","glcm","JointEntropy","2.45266709238938"
"wavelet-HHL","glcm","MCC","0.11272281543584804"
"wavelet-HHL","glcm","MaximumProbability","0.25325816543513757"
"wavelet-HHL","glcm","SumAverage","4.98844799829726"
"wavelet-HHL","glcm","SumEntropy","1.746033768626449"
"wavelet-HHL","glcm","SumSquares","0.32892677165395523"
"wavelet-HHL","glrlm","GrayLevelNonUniformity","1084.4328096285226"
"wavelet-HHL","glrlm","GrayLevelNonUniformityNormalized","0.4407303391445462"
"wavelet-HHL","glrlm","GrayLevelVariance","0.37658176033746393"
"wavelet-HHL","glrlm","HighGrayLevelRunEmphasis","6.610946334880548"
"wavelet-HHL","glrlm","LongRunEmphasis","4.555619459605579"
"wavelet-HHL","glrlm","LongRunHighGrayLevelEmphasis","29.35648746168734"
"wavelet-HHL","glrlm","LongRunLowGrayLevelEmphasis","0.8612481274807652"
"wavelet-HHL","glrlm","LowGrayLevelRunEmphasis","0.2033340048344891"
"wavelet-HHL","glrlm","RunEntropy","2.9643991554267726"
"wavelet-HHL","glrlm","RunLengthNonUniformity","1047.4963971395691"
"wavelet-HHL","glrlm","RunLengthNonUniformityNormalized","0.417702391438289"
"wavelet-HHL","glrlm","RunPercentage","0.5801440833287967"
"wavelet-HHL","glrlm","RunVariance","1.3504115723465846"
"wavelet-HHL","glrlm","ShortRunEmphasis","0.6474432005069709"
"wavelet-HHL","glrlm","ShortRunHighGrayLevelEmphasis","4.317360271339004"
"wavelet-HHL","glrlm","ShortRunLowGrayLevelEmphasis","0.138635173625767"
"wavelet-HHL","glszm","GrayLevelNonUniformity","42.13636363636363"
"wavelet-HHL","glszm","GrayLevelNonUniformityNormalized","0.47882231404958675"
"wavelet-HHL","glszm","GrayLevelVariance","2.1998966942148757"
"wavelet-HHL","glszm","HighGrayLevelZoneEmphasis","8.795454545454545"
"wavelet-HHL","glszm","LargeAreaEmphasis","94462.55681818182"
"wavelet-HHL","glszm","LargeAreaHighGrayLevelEmphasis","608103.4659090909"
"wavelet-HHL","glszm","LargeAreaLowGrayLevelEmphasis","17221.960227272728"
"wavelet-HHL","glszm","LowGrayLevelZoneEmphasis","0.5019728535353536"
"wavelet-HHL","glszm","SizeZoneNonUniformity","31.227272727272727"
"wavelet-HHL","glszm","SizeZoneNonUniformityNormalized","0.35485537190082644"
"wavelet-HHL","glszm","SmallAreaEmphasis","0.5664819164179911"
"wavelet-HHL","glszm","SmallAreaHighGrayLevelEmphasis","4.989730052915651"
"wavelet-HHL","glszm","SmallAreaLowGrayLevelEmphasis","0.2900289052958665"
"wavelet-HHL","glszm","ZoneEntropy","2.8481391843982844"
"wavelet-HHL","glszm","ZonePercentage","0.020759613116301014"
"wavelet-HHL","glszm","ZoneVariance","92142.16412706612"
"wavelet-HHL","gldm","DependenceEntropy","4.829711562726534"
"wavelet-HHL","gldm","DependenceNonUniformity","357.4604859636707"
"wavelet-HHL","gldm","DependenceNonUniformityNormalized","0.084326606738304"
"wavelet-HHL","gldm","DependenceVariance","13.32655581761623"
"wavelet-HHL","gldm","GrayLevelNonUniformity","1963.9983486671385"
"wavelet-HHL","gldm","GrayLevelVariance","0.3263879184741424"
"wavelet-HHL","gldm","HighGrayLevelEmphasis","6.542816702052371"
"wavelet-HHL","gldm","LargeDependenceEmphasis","155.32366124085868"
"wavelet-HHL","gldm","LargeDependenceHighGrayLevelEmphasis","996.788157584336"
"wavelet-HHL","gldm","LargeDependenceLowGrayLevelEmphasis","28.491962858116434"
"wavelet-HHL","gldm","LowGrayLevelEmphasis","0.19501454745616104"
"wavelet-HHL","gldm","SmallDependenceEmphasis","0.02391659555106789"
"wavelet-HHL","gldm","SmallDependenceHighGrayLevelEmphasis","0.18861056725161862"
"wavelet-HHL","gldm","SmallDependenceLowGrayLevelEmphasis","0.009523342626141868"
"wavelet-HHL","ngtdm","Busyness","92.66987715762684"
"wavelet-HHL","ngtdm","Coarseness","0.0010550076000469236"
"wavelet-HHL","ngtdm","Complexity","3.3104759548342915"
"wavelet-HHL","ngtdm","Contrast","0.028157750889964524"
"wavelet-HHL","ngtdm","Strength","0.005747605915198198"
"wavelet-HHH","firstorder","10Percentile","-5.483389845790258"
"wavelet-HHH","firstorder","90Percentile","5.397253787943734"
"wavelet-HHH","firstorder","Energy","79144.09229742658"
"wavelet-HHH","firstorder","Entropy","0.9999036127605373"
"wavelet-HHH","firstorder","InterquartileRange","5.901169521524383"
"wavelet-HHH","firstorder","Kurtosis","3.1449246207290176"
"wavelet-HHH","firstorder","Maximum","18.75116741505608"
"wavelet-HHH","firstorder","MeanAbsoluteDeviation","3.435972081287843"
"wavelet-HHH","firstorder","Mean","-0.005040867295969709"
"wavelet-HHH","firstorder","Median","0.06368734492332512"
"wavelet-HHH","firstorder","Minimum","-17.800282817261657"
"wavelet-HHH","firstorder","Range","36.551450232317734"
"wavelet-HHH","firstorder","RobustMeanAbsoluteDeviation","2.3986047487180087"
"wavelet-HHH","firstorder","RootMeanSquared","4.320933107000726"
"wavelet-HHH","firstorder","Skewness","0.018657016718379923"
"wavelet-HHH","firstorder","TotalEnergy","34695.88558545137"
"wavelet-HHH","firstorder","Uniformity","0.5000668090553789"
"wavelet-HHH","firstorder","Variance","18.67043750483185"
"wavelet-HHH","glcm","Autocorrelation","2.2688219236272005"
"wavelet-HHH","glcm","ClusterProminence","0.4989192821011286"
"wavelet-HHH","glcm","ClusterShade","-0.00636992908550849"
"wavelet-HHH","glcm","ClusterTendency","0.4989213636880614"
"wavelet-HHH","glcm","Contrast","0.5009075594390655"
"wavelet-HHH","glcm","Correlation","-0.001986889873359429"
"wavelet-HHH","glcm","DifferenceAverage","0.5009075594390655"
"wavelet-HHH","glcm","DifferenceEntropy","0.9970732877761421"
"wavelet-HHH","glcm","DifferenceVariance","0.24898722330162715"
"wavelet-HHH","glcm","Id","0.7495462202804671"
"wavelet-HHH","glcm","Idm","0.7495462202804671"
"wavelet-HHH","glcm","Idmn","0.8998184881121868"
"wavelet-HHH","glcm","Idn","0.8330308135203115"
"wavelet-HHH","glcm","Imc1","-0.002929185249629999"
"wavelet-HHH","glcm","Imc2","0.06220551401068479"
"wavelet-HHH","glcm","InverseVariance","0.5009075594390655"
"wavelet-HHH","glcm","JointAverage","1.5064252344489109"
"wavelet-HHH","glcm","JointEnergy","0.2510983151348094"
"wavelet-HHH","glcm","JointEntropy","1.9968243862056418"
"wavelet-HHH","glcm","MCC","0.05189227480332092"
"wavelet-HHH","glcm","MaximumProbability","0.2661153161366321"
"wavelet-HHH","glcm","SumAverage","3.0128504688978217"
"wavelet-HHH","glcm","SumEntropy","1.4959168267665766"
"wavelet-HHH","glcm","SumSquares","0.24995723078178175"
"wavelet-HHH","glrlm","GrayLevelNonUniformity","1191.5951339903602"
"wavelet-HHH","glrlm","GrayLevelNonUniformityNormalized","0.5000074898551"
"wavelet-HHH","glrlm","GrayLevelVariance","0.24999625507245"
"wavelet-HHH","glrlm","HighGrayLevelRunEmphasis","2.5007039840324956"
"wavelet-HHH","glrlm","LongRunEmphasis","4.596980787777401"
"wavelet-HHH","glrlm","LongRunHighGrayLevelEmphasis","11.686262482241336"
"wavelet-HHH","glrlm","LongRunLowGrayLevelEmphasis","2.8246603641614176"
"wavelet-HHH","glrlm","LowGrayLevelRunEmphasis","0.6248240039918761"
"wavelet-HHH","glrlm","RunEntropy","2.677672193638642"
"wavelet-HHH","glrlm","RunLengthNonUniformity","986.5027959240659"
"wavelet-HHH","glrlm","RunLengthNonUniformityNormalized","0.4127737552558512"
"wavelet-HHH","glrlm","RunPercentage","0.5621971800315749"
"wavelet-HHH","glrlm","RunVariance","1.404472594305787"
"wavelet-HHH","glrlm","ShortRunEmphasis","0.6297089098727647"
"wavelet-HHH","glrlm","ShortRunHighGrayLevelEmphasis","1.5663364458200124"
"wavelet-HHH","glrlm","ShortRunLowGrayLevelEmphasis","0.3955520258859529"
"wavelet-HHH","glszm","GrayLevelNonUniformity","1.6666666666666667"
"wavelet-HHH","glszm","GrayLevelNonUniformityNormalized","0.5555555555555556"
"wavelet-HHH","glszm","GrayLevelVariance","0.2222222222222222"
"wavelet-HHH","glszm","HighGrayLevelZoneEmphasis","2.0"
"wavelet-HHH","glszm","LargeAreaEmphasis","2993857.6666666665"
"wavelet-HHH","glszm","LargeAreaHighGrayLevelEmphasis","7590593.666666667"
"wavelet-HHH","glszm","LargeAreaLowGrayLevelEmphasis","1844673.6666666667"
"wavelet-HHH","glszm","LowGrayLevelZoneEmphasis","0.75"
"wavelet-HHH","glszm","SizeZoneNonUniformity","1.0"
"wavelet-HHH","glszm","SizeZoneNonUniformityNormalized","0.3333333333333333"
"wavelet-HHH","glszm","SmallAreaEmphasis","0.3333334818681226"
"wavelet-HHH","glszm","SmallAreaHighGrayLevelEmphasis","0.3333336994137898"
"wavelet-HHH","glszm","SmallAreaLowGrayLevelEmphasis","0.33333342748170575"
"wavelet-HHH","glszm","ZoneEntropy","1.5849625007211552"
"wavelet-HHH","glszm","ZonePercentage","0.0007077140835102619"
"wavelet-HHH","glszm","ZoneVariance","997288.6666666665"
"wavelet-HHH","gldm","DependenceEntropy","4.407454868777068"
"wavelet-HHH","gldm","DependenceNonUniformity","479.7681056853031"
"wavelet-HHH","gldm","DependenceNonUniformityNormalized","0.11317954840417625"
"wavelet-HHH","gldm","DependenceVariance","7.741825100960699"
"wavelet-HHH","gldm","GrayLevelNonUniformity","2119.7832035857514"
"wavelet-HHH","gldm","GrayLevelVariance","0.24996659547231054"
"wavelet-HHH","gldm","HighGrayLevelEmphasis","2.5173389950460012"
"wavelet-HHH","gldm","LargeDependenceEmphasis","161.07737673979713"
"wavelet-HHH","gldm","LargeDependenceHighGrayLevelEmphasis","411.2472281198396"
"wavelet-HHH","gldm","LargeDependenceLowGrayLevelEmphasis","98.53491389478651"
"wavelet-HHH","gldm","LowGrayLevelEmphasis","0.6206652512384997"
"wavelet-HHH","gldm","SmallDependenceEmphasis","0.008557477387000752"
"wavelet-HHH","gldm","SmallDependenceHighGrayLevelEmphasis","0.020781964981671352"
"wavelet-HHH","gldm","SmallDependenceLowGrayLevelEmphasis","0.0055013554883331026"
"wavelet-HHH","ngtdm","Busyness","1026.378608352262"
"wavelet-HHH","ngtdm","Coarseness","0.0009416449838889758"
"wavelet-HHH","ngtdm","Complexity","0.5010480564111088"
"wavelet-HHH","ngtdm","Contrast","0.12524793786886335"
"wavelet-HHH","ngtdm","Strength","0.000941624977533703"
"wavelet-LLL","firstorder","10Percentile","256.4815626015945"
"wavelet-LLL","firstorder","90Percentile","404.5331521155477"
"wavelet-LLL","firstorder","Energy","476011209.58014846"
"wavelet-LLL","firstorder","Entropy","3.2535262205444533"
"wavelet-LLL","firstorder","InterquartileRange","77.8058511461175"
"wavelet-LLL","firstorder","Kurtosis","3.185981438793114"
"wavelet-LLL","firstorder","Maximum","567.5097685413901"
"wavelet-LLL","firstorder","MeanAbsoluteDeviation","45.91967085060623"
"wavelet-LLL","firstorder","Mean","330.0958243965999"
"wavelet-LLL","firstorder","Median","327.80654399281576"
"wavelet-LLL","firstorder","Minimum","122.23627221949587"
"wavelet-LLL","firstorder","Range","445.2734963218943"
"wavelet-LLL","firstorder","RobustMeanAbsoluteDeviation","32.12050529083286"
"wavelet-LLL","firstorder","RootMeanSquared","335.1018934237893"
"wavelet-LLL","firstorder","Skewness","0.19430071006157398"
"wavelet-LLL","firstorder","TotalEnergy","208677994.59900004"
"wavelet-LLL","firstorder","Uniformity","0.12289543823540394"
"wavelet-LLL","firstorder","Variance","3330.0256921377563"
"wavelet-LLL","glcm","Autocorrelation","98.63283558283568"
"wavelet-LLL","glcm","ClusterProminence","830.9320526827846"
"wavelet-LLL","glcm","ClusterShade","13.412913844574483"
"wavelet-LLL","glcm","ClusterTendency","16.08670028750432"
"wavelet-LLL","glcm","Contrast","5.139756397988602"
"wavelet-LLL","glcm","Correlation","0.5157602493680415"
"wavelet-LLL","glcm","DifferenceAverage","1.761718412062336"
"wavelet-LLL","glcm","DifferenceEntropy","2.371962236945157"
"wavelet-LLL","glcm","DifferenceVariance","1.9633222017426477"
"wavelet-LLL","glcm","Id","0.4779835829370278"
"wavelet-LLL","glcm","Idm","0.40987665660191125"
"wavelet-LLL","glcm","Idmn","0.9863708333988228"
"wavelet-LLL","glcm","Idn","0.9192429607513221"
"wavelet-LLL","glcm","Imc1","-0.08641690701556662"
"wavelet-LLL","glcm","Imc2","0.6200932847840993"
"wavelet-LLL","glcm","InverseVariance","0.4080171303916486"
"wavelet-LLL","glcm","JointAverage","9.792617910298945"
"wavelet-LLL","glcm","JointEnergy","0.018405374818126752"
"wavelet-LLL","glcm","JointEntropy","6.206750703477102"
"wavelet-LLL","glcm","MCC","0.5267508880699506"
"wavelet-LLL","glcm","MaximumProbability","0.03772388038373246"
"wavelet-LLL","glcm","SumAverage","19.585235820597887"
"wavelet-LLL","glcm","SumEntropy","4.036547553133707"
"wavelet-LLL","glcm","SumSquares","5.306614171373232"
"wavelet-LLL","glrlm","GrayLevelNonUniformity","428.6256814603812"
"wavelet-LLL","glrlm","GrayLevelNonUniformityNormalized","0.12007319964593209"
"wavelet-LLL","glrlm","GrayLevelVariance","5.641342062155786"
"wavelet-LLL","glrlm","HighGrayLevelRunEmphasis","99.5101363699861"
"wavelet-LLL","glrlm","LongRunEmphasis","1.656061353407148"
"wavelet-LLL","glrlm","LongRunHighGrayLevelEmphasis","164.88371167376647"
"wavelet-LLL","glrlm","LongRunLowGrayLevelEmphasis","0.02151344109987826"
"wavelet-LLL","glrlm","LowGrayLevelRunEmphasis","0.013636822767085603"
"wavelet-LLL","glrlm","RunEntropy","4.01391778629494"
"wavelet-LLL","glrlm","RunLengthNonUniformity","2619.1817558017333"
"wavelet-LLL","glrlm","RunLengthNonUniformityNormalized","0.7321898795805778"
"wavelet-LLL","glrlm","RunPercentage","0.8421797593772116"
"wavelet-LLL","glrlm","RunVariance","0.24018622518864052"
"wavelet-LLL","glrlm","ShortRunEmphasis","0.8797951822697593"
"wavelet-LLL","glrlm","ShortRunHighGrayLevelEmphasis","87.45301672171551"
"wavelet-LLL","glrlm","ShortRunLowGrayLevelEmphasis","0.012175812821559318"
"wavelet-LLL","glszm","GrayLevelNonUniformity","30.487603305785125"
"wavelet-LLL","glszm","GrayLevelNonUniformityNormalized","0.08398788789472486"
"wavelet-LLL","glszm","GrayLevelVariance","13.975426693683644"
"wavelet-LLL","glszm","HighGrayLevelZoneEmphasis","102.32506887052341"
"wavelet-LLL","glszm","LargeAreaEmphasis","4330.636363636364"
"wavelet-LLL","glszm","LargeAreaHighGrayLevelEmphasis","408302.6253443526"
"wavelet-LLL","glszm","LargeAreaLowGrayLevelEmphasis","49.07520772624304"
"wavelet-LLL","glszm","LowGrayLevelZoneEmphasis","0.022847142601055345"
"wavelet-LLL","glszm","SizeZoneNonUniformity","90.33333333333333"
"wavelet-LLL","glszm","SizeZoneNonUniformityNormalized","0.24885215794306703"
"wavelet-LLL","glszm","SmallAreaEmphasis","0.5072290426484696"
"wavelet-LLL","glszm","SmallAreaHighGrayLevelEmphasis","49.96654271660965"
"wavelet-LLL","glszm","SmallAreaLowGrayLevelEmphasis","0.013583683682954945"
"wavelet-LLL","glszm","ZoneEntropy","6.1322772251476545"
"wavelet-LLL","glszm","ZonePercentage","0.08563340410474168"
"wavelet-LLL","glszm","ZoneVariance","4194.268014479886"
"wavelet-LLL","gldm","DependenceEntropy","6.34843021062683"
"wavelet-LLL","gldm","DependenceNonUniformity","517.900684123614"
"wavelet-LLL","gldm","DependenceNonUniformityNormalized","0.12217520267129371"
"wavelet-LLL","gldm","DependenceVariance","5.642071974472207"
"wavelet-LLL","gldm","GrayLevelNonUniformity","520.9537626798773"
"wavelet-LLL","gldm","GrayLevelVariance","5.395095285963069"
"wavelet-LLL","gldm","HighGrayLevelEmphasis","99.5798537390894"
"wavelet-LLL","gldm","LargeDependenceEmphasis","31.686010851615947"
"wavelet-LLL","gldm","LargeDependenceHighGrayLevelEmphasis","3175.2359046945035"
"wavelet-LLL","gldm","LargeDependenceLowGrayLevelEmphasis","0.37427064449370256"
"wavelet-LLL","gldm","LowGrayLevelEmphasis","0.013388503944231698"
"wavelet-LLL","gldm","SmallDependenceEmphasis","0.10145965163470615"
"wavelet-LLL","gldm","SmallDependenceHighGrayLevelEmphasis","10.012877567976407"
"wavelet-LLL","gldm","SmallDependenceLowGrayLevelEmphasis","0.0019643006357118334"
"wavelet-LLL","ngtdm","Busyness","1.891953400459917"
"wavelet-LLL","ngtdm","Coarseness","0.002334266927645378"
"wavelet-LLL","ngtdm","Complexity","162.05027579112814"
"wavelet-LLL","ngtdm","Contrast","0.03271884203357105"
"wavelet-LLL","ngtdm","Strength","0.3067154629818195"
