"Image type","Feature Class","Feature Name","INTAE_BAEK..ABDOMEN_00_LIVE.OBJ1.OBJ1.2022.02.23.19.23.41_segment_INTAE_BAEK..ABDOMEN_00_LIVE.OBJ1.OBJ1.2022.02.23.19.23.41"
"diagnostics","Versions","PyRadiomics","v3.0.1.post4+gad5b2de"
"diagnostics","Versions","Numpy","1.19.2"
"diagnostics","Versions","SimpleITK","2.0.2"
"diagnostics","Versions","PyWavelet","1.1.1"
"diagnostics","Versions","Python","3.6.7"
"diagnostics","Configuration","Settings","{'minimumROIDimensions': 2, 'minimumROISize': None, 'normalize': False, 'normalizeScale': 1, 'removeOutliers': None, 'resampledPixelSpacing': None, 'interpolator': 'sitkBSpline', 'preCrop': False, 'padDistance': 5, 'distances': [1], 'force2D': False, 'force2Ddimension': 0, 'resegmentRange': None, 'label': 1, 'additionalInfo': True, 'binWidth': 25, 'correctMask': True}"
"diagnostics","Configuration","EnabledImageTypes","{'Original': {}, 'Wavelet': {}}"
"diagnostics","Image-original","Hash","3d2657e34a966fb271d61435982df8ad3b8ddb4b"
"diagnostics","Image-original","Dimensionality","3D"
"diagnostics","Image-original","Spacing","(0.6621093750000001, 0.6621093750000001, 1.0)"
"diagnostics","Image-original","Size","(512, 512, 197)"
"diagnostics","Image-original","Mean","-446.3933818061945"
"diagnostics","Image-original","Minimum","-1024.0"
"diagnostics","Image-original","Maximum","3071.0"
"diagnostics","Mask-original","Hash","c8ce2a5f1f85a1fe58ad09ed7184e735b729df4e"
"diagnostics","Mask-original","Spacing","(0.6621093750000001, 0.6621093750000001, 1.0)"
"diagnostics","Mask-original","Size","(512, 512, 197)"
"diagnostics","Mask-original","BoundingBox","(127, 269, 87, 23, 26, 18)"
"diagnostics","Mask-original","VoxelNum","2811"
"diagnostics","Mask-original","VolumeNum","1"
"diagnostics","Mask-original","CenterOfMassIndex","(137.3027392387051, 283.05087157595165, 94.62290999644254)"
"diagnostics","Mask-original","CenterOfMass","(-72.25951444937297, -148.25830964014136, 1201.7229099964422)"
"original","shape","Elongation","0.8735321293320263"
"original","shape","Flatness","0.7067741296297118"
"original","shape","LeastAxisLength","10.886758442417369"
"original","shape","MajorAxisLength","15.403447842836416"
"original","shape","Maximum2DDiameterColumn","16.674682838363367"
"original","shape","Maximum2DDiameterRow","18.36375612619869"
"original","shape","Maximum2DDiameterSlice","18.072068897191976"
"original","shape","Maximum3DDiameter","18.692451152872895"
"original","shape","MeshVolume","1219.689040660859"
"original","shape","MinorAxisLength","13.455406593207702"
"original","shape","Sphericity","0.6115729455787036"
"original","shape","SurfaceArea","902.6830211633014"
"original","shape","SurfaceVolumeRatio","0.7400927540303259"
"original","shape","VoxelVolume","1232.310985565186"
"original","firstorder","10Percentile","56.0"
"original","firstorder","90Percentile","114.0"
"original","firstorder","Energy","22004389.0"
"original","firstorder","Entropy","1.9803102335695426"
"original","firstorder","InterquartileRange","30.0"
"original","firstorder","Kurtosis","2.9233831791811444"
"original","firstorder","Maximum","165.0"
"original","firstorder","MeanAbsoluteDeviation","18.06916467944135"
"original","firstorder","Mean","85.53717538242618"
"original","firstorder","Median","86.0"
"original","firstorder","Minimum","16.0"
"original","firstorder","Range","149.0"
"original","firstorder","RobustMeanAbsoluteDeviation","12.747842533609024"
"original","firstorder","RootMeanSquared","88.47574620375305"
"original","firstorder","Skewness","0.010912427589912505"
"original","firstorder","TotalEnergy","9646478.226734165"
"original","firstorder","Uniformity","0.2950406626607039"
"original","firstorder","Variance","511.3492939069855"
"original","glcm","Autocorrelation","15.538051976963235"
"original","glcm","ClusterProminence","17.584002664053603"
"original","glcm","ClusterShade","0.1991952417825152"
"original","glcm","ClusterTendency","2.4361822837833773"
"original","glcm","Contrast","1.3235887153747778"
"original","glcm","Correlation","0.29649114537190696"
"original","glcm","DifferenceAverage","0.8449598585641046"
"original","glcm","DifferenceEntropy","1.5842036213673585"
"original","glcm","DifferenceVariance","0.5957417536828311"
"original","glcm","Id","0.6481623912679688"
"original","glcm","Idm","0.6247961119784661"
"original","glcm","Idmn","0.9750690654139846"
"original","glcm","Idn","0.9007076064207779"
"original","glcm","Imc1","-0.04994772279860506"
"original","glcm","Imc2","0.3727965976889218"
"original","glcm","InverseVariance","0.5082655010231567"
"original","glcm","JointAverage","3.906384304254954"
"original","glcm","JointEnergy","0.09072953394540904"
"original","glcm","JointEntropy","3.9033739902641296"
"original","glcm","MCC","0.3093147132303198"
"original","glcm","MaximumProbability","0.17770066898563763"
"original","glcm","SumAverage","7.812768608509908"
"original","glcm","SumEntropy","2.6806768132482692"
"original","glcm","SumSquares","0.939942749789539"
"original","glrlm","GrayLevelNonUniformity","544.1264841726022"
"original","glrlm","GrayLevelNonUniformityNormalized","0.27461148109103656"
"original","glrlm","GrayLevelVariance","1.035757890515334"
"original","glrlm","HighGrayLevelRunEmphasis","16.517397800772546"
"original","glrlm","LongRunEmphasis","2.6856926895307853"
"original","glrlm","LongRunHighGrayLevelEmphasis","43.46582173848454"
"original","glrlm","LongRunLowGrayLevelEmphasis","0.210177584748101"
"original","glrlm","LowGrayLevelRunEmphasis","0.08545756050977646"
"original","glrlm","RunEntropy","3.272771513164877"
"original","glrlm","RunLengthNonUniformity","1096.1329311359862"
"original","glrlm","RunLengthNonUniformityNormalized","0.5489767298903654"
"original","glrlm","RunPercentage","0.7050324275511042"
"original","glrlm","RunVariance","0.6383122488429316"
"original","glrlm","ShortRunEmphasis","0.766410748136257"
"original","glrlm","ShortRunHighGrayLevelEmphasis","12.779145437823795"
"original","glrlm","ShortRunLowGrayLevelEmphasis","0.06757233964870236"
"original","glszm","GrayLevelNonUniformity","23.623853211009173"
"original","glszm","GrayLevelNonUniformityNormalized","0.21673259826613922"
"original","glszm","GrayLevelVariance","3.763824593889403"
"original","glszm","HighGrayLevelZoneEmphasis","19.110091743119266"
"original","glszm","LargeAreaEmphasis","18660.963302752294"
"original","glszm","LargeAreaHighGrayLevelEmphasis","309235.55963302753"
"original","glszm","LargeAreaLowGrayLevelEmphasis","1232.445081497431"
"original","glszm","LowGrayLevelZoneEmphasis","0.1790285839106285"
"original","glszm","SizeZoneNonUniformity","21.073394495412845"
"original","glszm","SizeZoneNonUniformityNormalized","0.19333389445332885"
"original","glszm","SmallAreaEmphasis","0.42300622185977904"
"original","glszm","SmallAreaHighGrayLevelEmphasis","9.060483386556893"
"original","glszm","SmallAreaLowGrayLevelEmphasis","0.09327690908482483"
"original","glszm","ZoneEntropy","4.857481736387911"
"original","glszm","ZonePercentage","0.038776236214870155"
"original","glszm","ZoneVariance","17995.891254944872"
"original","gldm","DependenceEntropy","5.725355966674487"
"original","gldm","DependenceNonUniformity","201.8509427250089"
"original","gldm","DependenceNonUniformityNormalized","0.07180752142476303"
"original","gldm","DependenceVariance","15.465782960446212"
"original","gldm","GrayLevelNonUniformity","829.3593027392387"
"original","gldm","GrayLevelVariance","0.9122496225822198"
"original","gldm","HighGrayLevelEmphasis","16.359302739238704"
"original","gldm","LargeDependenceEmphasis","90.62006403415155"
"original","gldm","LargeDependenceHighGrayLevelEmphasis","1446.1579509071505"
"original","gldm","LargeDependenceLowGrayLevelEmphasis","6.596838047563387"
"original","gldm","LowGrayLevelEmphasis","0.08237304088005415"
"original","gldm","SmallDependenceEmphasis","0.04312009936207914"
"original","gldm","SmallDependenceHighGrayLevelEmphasis","0.8184355528874334"
"original","gldm","SmallDependenceLowGrayLevelEmphasis","0.006083655647992816"
"original","ngtdm","Busyness","12.002088356206949"
"original","ngtdm","Coarseness","0.0026572412144302486"
"original","ngtdm","Complexity","11.88105710635651"
"original","ngtdm","Contrast","0.02577862278303535"
"original","ngtdm","Strength","0.04126785720882038"
"wavelet-LLH","firstorder","10Percentile","-17.426635784561388"
"wavelet-LLH","firstorder","90Percentile","22.138633886175104"
"wavelet-LLH","firstorder","Energy","686320.0138914768"
"wavelet-LLH","firstorder","Entropy","1.5100054328239187"
"wavelet-LLH","firstorder","InterquartileRange","21.12747322360602"
"wavelet-LLH","firstorder","Kurtosis","3.0561109933611275"
"wavelet-LLH","firstorder","Maximum","59.62404641037726"
"wavelet-LLH","firstorder","MeanAbsoluteDeviation","12.361035120500672"
"wavelet-LLH","firstorder","Mean","2.249571492110768"
"wavelet-LLH","firstorder","Median","2.132320131121448"
"wavelet-LLH","firstorder","Minimum","-52.768280640386074"
"wavelet-LLH","firstorder","Range","112.39232705076333"
"wavelet-LLH","firstorder","RobustMeanAbsoluteDeviation","8.689033779324532"
"wavelet-LLH","firstorder","RootMeanSquared","15.625463509499065"
"wavelet-LLH","firstorder","Skewness","0.07431048009475277"
"wavelet-LLH","firstorder","TotalEnergy","300875.0240952394"
"wavelet-LLH","firstorder","Uniformity","0.4039442799866004"
"wavelet-LLH","firstorder","Variance","239.09453798856939"
"wavelet-LLH","glcm","Autocorrelation","12.949604133921772"
"wavelet-LLH","glcm","ClusterProminence","3.968689836273692"
"wavelet-LLH","glcm","ClusterShade","0.09359164326908687"
"wavelet-LLH","glcm","ClusterTendency","1.1339594965004511"
"wavelet-LLH","glcm","Contrast","0.7426000372955055"
"wavelet-LLH","glcm","Correlation","0.20762078497720443"
"wavelet-LLH","glcm","DifferenceAverage","0.5990016817136593"
"wavelet-LLH","glcm","DifferenceEntropy","1.2792864603163794"
"wavelet-LLH","glcm","DifferenceVariance","0.3741926850921804"
"wavelet-LLH","glcm","Id","0.7236618411015919"
"wavelet-LLH","glcm","Idm","0.7148589947013549"
"wavelet-LLH","glcm","Idmn","0.980570183040443"
"wavelet-LLH","glcm","Idn","0.916955902899857"
"wavelet-LLH","glcm","Imc1","-0.043101310986424855"
"wavelet-LLH","glcm","Imc2","0.26341669605109747"
"wavelet-LLH","glcm","InverseVariance","0.48062890623995025"
"wavelet-LLH","glcm","JointAverage","3.584933327067515"
"wavelet-LLH","glcm","JointEnergy","0.173092264955007"
"wavelet-LLH","glcm","JointEntropy","2.934213234660442"
"wavelet-LLH","glcm","MCC","0.22403847264646018"
"wavelet-LLH","glcm","MaximumProbability","0.25212206472338433"
"wavelet-LLH","glcm","SumAverage","7.1698666541350295"
"wavelet-LLH","glcm","SumEntropy","2.119655514318792"
"wavelet-LLH","glcm","SumSquares","0.46913988344898905"
"wavelet-LLH","glrlm","GrayLevelNonUniformity","631.4308005542862"
"wavelet-LLH","glrlm","GrayLevelNonUniformityNormalized","0.3661287485049406"
"wavelet-LLH","glrlm","GrayLevelVariance","0.5828405074173675"
"wavelet-LLH","glrlm","HighGrayLevelRunEmphasis","13.522175886632217"
"wavelet-LLH","glrlm","LongRunEmphasis","3.980156690230972"
"wavelet-LLH","glrlm","LongRunHighGrayLevelEmphasis","52.43673894773231"
"wavelet-LLH","glrlm","LongRunLowGrayLevelEmphasis","0.34211387677241356"
"wavelet-LLH","glrlm","LowGrayLevelRunEmphasis","0.09079127127347447"
"wavelet-LLH","glrlm","RunEntropy","3.156851036770748"
"wavelet-LLH","glrlm","RunLengthNonUniformity","791.3690128666374"
"wavelet-LLH","glrlm","RunLengthNonUniformityNormalized","0.4506498562732472"
"wavelet-LLH","glrlm","RunPercentage","0.6130585885121638"
"wavelet-LLH","glrlm","RunVariance","1.1782283784237608"
"wavelet-LLH","glrlm","ShortRunEmphasis","0.6875744405321809"
"wavelet-LLH","glrlm","ShortRunHighGrayLevelEmphasis","9.399742531490178"
"wavelet-LLH","glrlm","ShortRunLowGrayLevelEmphasis","0.06430971365492251"
"wavelet-LLH","glszm","GrayLevelNonUniformity","32.97701149425287"
"wavelet-LLH","glszm","GrayLevelNonUniformityNormalized","0.3790461091293434"
"wavelet-LLH","glszm","GrayLevelVariance","2.38710529792575"
"wavelet-LLH","glszm","HighGrayLevelZoneEmphasis","14.839080459770114"
"wavelet-LLH","glszm","LargeAreaEmphasis","36026.83908045977"
"wavelet-LLH","glszm","LargeAreaHighGrayLevelEmphasis","468756.1494252874"
"wavelet-LLH","glszm","LargeAreaLowGrayLevelEmphasis","3001.205383141762"
"wavelet-LLH","glszm","LowGrayLevelZoneEmphasis","0.15011174968071522"
"wavelet-LLH","glszm","SizeZoneNonUniformity","18.770114942528735"
"wavelet-LLH","glszm","SizeZoneNonUniformityNormalized","0.21574844761527281"
"wavelet-LLH","glszm","SmallAreaEmphasis","0.4621223481124655"
"wavelet-LLH","glszm","SmallAreaHighGrayLevelEmphasis","6.43495617540566"
"wavelet-LLH","glszm","SmallAreaLowGrayLevelEmphasis","0.07276014249594386"
"wavelet-LLH","glszm","ZoneEntropy","4.170220041522742"
"wavelet-LLH","glszm","ZonePercentage","0.030949839914621132"
"wavelet-LLH","glszm","ZoneVariance","34982.88069758224"
"wavelet-LLH","gldm","DependenceEntropy","5.393572172914184"
"wavelet-LLH","gldm","DependenceNonUniformity","167.41124155104944"
"wavelet-LLH","gldm","DependenceNonUniformityNormalized","0.05955576006796494"
"wavelet-LLH","gldm","DependenceVariance","21.397978997233643"
"wavelet-LLH","gldm","GrayLevelNonUniformity","1135.4873710423337"
"wavelet-LLH","gldm","GrayLevelVariance","0.4760117447831934"
"wavelet-LLH","gldm","HighGrayLevelEmphasis","13.362860192102454"
"wavelet-LLH","gldm","LargeDependenceEmphasis","143.73212379935967"
"wavelet-LLH","gldm","LargeDependenceHighGrayLevelEmphasis","1876.112771255781"
"wavelet-LLH","gldm","LargeDependenceLowGrayLevelEmphasis","12.034510059686154"
"wavelet-LLH","gldm","LowGrayLevelEmphasis","0.08826870627297521"
"wavelet-LLH","gldm","SmallDependenceEmphasis","0.032636203786062926"
"wavelet-LLH","gldm","SmallDependenceHighGrayLevelEmphasis","0.46135905397263033"
"wavelet-LLH","gldm","SmallDependenceLowGrayLevelEmphasis","0.004144679804558412"
"wavelet-LLH","ngtdm","Busyness","16.996875077757206"
"wavelet-LLH","ngtdm","Coarseness","0.0021814353782890353"
"wavelet-LLH","ngtdm","Complexity","7.485857371022539"
"wavelet-LLH","ngtdm","Contrast","0.015320250365234765"
"wavelet-LLH","ngtdm","Strength","0.030071512966840984"
"wavelet-LHL","firstorder","10Percentile","-31.061242972901344"
"wavelet-LHL","firstorder","90Percentile","34.02560831913596"
"wavelet-LHL","firstorder","Energy","1733372.1151776954"
"wavelet-LHL","firstorder","Entropy","2.0741154423270305"
"wavelet-LHL","firstorder","InterquartileRange","35.02061055808939"
"wavelet-LHL","firstorder","Kurtosis","2.62908228005366"
"wavelet-LHL","firstorder","Maximum","81.08291357688759"
"wavelet-LHL","firstorder","MeanAbsoluteDeviation","20.155393060645476"
"wavelet-LHL","firstorder","Mean","1.7895848929319282"
"wavelet-LHL","firstorder","Median","2.2365600015776677"
"wavelet-LHL","firstorder","Minimum","-80.81162370591353"
"wavelet-LHL","firstorder","Range","161.89453728280114"
"wavelet-LHL","firstorder","RobustMeanAbsoluteDeviation","14.486468579698391"
"wavelet-LHL","firstorder","RootMeanSquared","24.832216161838065"
"wavelet-LHL","firstorder","Skewness","-0.019637709793151433"
"wavelet-LHL","firstorder","TotalEnergy","759890.9639295044"
"wavelet-LHL","firstorder","Uniformity","0.27028833338965014"
"wavelet-LHL","firstorder","Variance","613.4363454192415"
"wavelet-LHL","glcm","Autocorrelation","21.060647693798273"
"wavelet-LHL","glcm","ClusterProminence","16.78478904012615"
"wavelet-LHL","glcm","ClusterShade","-0.11645612104132999"
"wavelet-LHL","glcm","ClusterTendency","2.399484010545317"
"wavelet-LHL","glcm","Contrast","1.684937347280559"
"wavelet-LHL","glcm","Correlation","0.17408894169310582"
"wavelet-LHL","glcm","DifferenceAverage","0.959992717322314"
"wavelet-LHL","glcm","DifferenceEntropy","1.6840402482223733"
"wavelet-LHL","glcm","DifferenceVariance","0.7107252016479095"
"wavelet-LHL","glcm","Id","0.6219734598007938"
"wavelet-LHL","glcm","Idm","0.5911833369314718"
"wavelet-LHL","glcm","Idmn","0.9756627958027713"
"wavelet-LHL","glcm","Idn","0.9009050700408708"
"wavelet-LHL","glcm","Imc1","-0.05601594746594282"
"wavelet-LHL","glcm","Imc2","0.2919062050164079"
"wavelet-LHL","glcm","InverseVariance","0.4945029900171234"
"wavelet-LHL","glcm","JointAverage","4.569683114299699"
"wavelet-LHL","glcm","JointEnergy","0.08211510047617812"
"wavelet-LHL","glcm","JointEntropy","3.998683590885377"
"wavelet-LHL","glcm","MCC","0.23144153604908063"
"wavelet-LHL","glcm","MaximumProbability","0.14731344046873068"
"wavelet-LHL","glcm","SumAverage","9.139366228599398"
"wavelet-LHL","glcm","SumEntropy","2.651657293569549"
"wavelet-LHL","glcm","SumSquares","1.021105339456469"
"wavelet-LHL","glrlm","GrayLevelNonUniformity","515.7229622427435"
"wavelet-LHL","glrlm","GrayLevelNonUniformityNormalized","0.25185423966399006"
"wavelet-LHL","glrlm","GrayLevelVariance","1.1797557375440595"
"wavelet-LHL","glrlm","HighGrayLevelRunEmphasis","22.0235964575668"
"wavelet-LHL","glrlm","LongRunEmphasis","2.5602445221145964"
"wavelet-LHL","glrlm","LongRunHighGrayLevelEmphasis","56.26679585576506"
"wavelet-LHL","glrlm","LongRunLowGrayLevelEmphasis","0.14058560882821847"
"wavelet-LHL","glrlm","LowGrayLevelRunEmphasis","0.05920995536978232"
"wavelet-LHL","glrlm","RunEntropy","3.26258568751345"
"wavelet-LHL","glrlm","RunLengthNonUniformity","1215.982662246806"
"wavelet-LHL","glrlm","RunLengthNonUniformityNormalized","0.5826241642582455"
"wavelet-LHL","glrlm","RunPercentage","0.7290041868483704"
"wavelet-LHL","glrlm","RunVariance","0.5909381238293214"
"wavelet-LHL","glrlm","ShortRunEmphasis","0.7855193728057996"
"wavelet-LHL","glrlm","ShortRunHighGrayLevelEmphasis","17.33394316262422"
"wavelet-LHL","glrlm","ShortRunLowGrayLevelEmphasis","0.04766312727934642"
"wavelet-LHL","glszm","GrayLevelNonUniformity","28.25179856115108"
"wavelet-LHL","glszm","GrayLevelNonUniformityNormalized","0.20325034936079914"
"wavelet-LHL","glszm","GrayLevelVariance","3.585218156410124"
"wavelet-LHL","glszm","HighGrayLevelZoneEmphasis","23.35251798561151"
"wavelet-LHL","glszm","LargeAreaEmphasis","12757.561151079137"
"wavelet-LHL","glszm","LargeAreaHighGrayLevelEmphasis","271826.3021582734"
"wavelet-LHL","glszm","LargeAreaLowGrayLevelEmphasis","633.7744320054161"
"wavelet-LHL","glszm","LowGrayLevelZoneEmphasis","0.09739393179334084"
"wavelet-LHL","glszm","SizeZoneNonUniformity","29.503597122302157"
"wavelet-LHL","glszm","SizeZoneNonUniformityNormalized","0.2122560944050515"
"wavelet-LHL","glszm","SmallAreaEmphasis","0.46757373852166106"
"wavelet-LHL","glszm","SmallAreaHighGrayLevelEmphasis","10.963814106167714"
"wavelet-LHL","glszm","SmallAreaLowGrayLevelEmphasis","0.05412314167317974"
"wavelet-LHL","glszm","ZoneEntropy","5.0288281287805745"
"wavelet-LHL","glszm","ZonePercentage","0.049448594806118816"
"wavelet-LHL","glszm","ZoneVariance","12348.59054914342"
"wavelet-LHL","gldm","DependenceEntropy","5.729748889094638"
"wavelet-LHL","gldm","DependenceNonUniformity","204.02525791533262"
"wavelet-LHL","gldm","DependenceNonUniformityNormalized","0.07258102380481417"
"wavelet-LHL","gldm","DependenceVariance","14.769505529238504"
"wavelet-LHL","gldm","GrayLevelNonUniformity","759.7805051583066"
"wavelet-LHL","gldm","GrayLevelVariance","1.045315571126847"
"wavelet-LHL","gldm","HighGrayLevelEmphasis","21.98790466026325"
"wavelet-LHL","gldm","LargeDependenceEmphasis","79.50586979722519"
"wavelet-LHL","gldm","LargeDependenceHighGrayLevelEmphasis","1745.5688367129135"
"wavelet-LHL","gldm","LargeDependenceLowGrayLevelEmphasis","4.065426785442031"
"wavelet-LHL","gldm","LowGrayLevelEmphasis","0.0574397521963843"
"wavelet-LHL","gldm","SmallDependenceEmphasis","0.055230046299245834"
"wavelet-LHL","gldm","SmallDependenceHighGrayLevelEmphasis","1.268080694051105"
"wavelet-LHL","gldm","SmallDependenceLowGrayLevelEmphasis","0.004685242028007797"
"wavelet-LHL","ngtdm","Busyness","9.490775930270361"
"wavelet-LHL","ngtdm","Coarseness","0.002414975999289071"
"wavelet-LHL","ngtdm","Complexity","19.39908564418429"
"wavelet-LHL","ngtdm","Contrast","0.026505109089250054"
"wavelet-LHL","ngtdm","Strength","0.050517045993587646"
"wavelet-LHH","firstorder","10Percentile","-10.312510180269815"
"wavelet-LHH","firstorder","90Percentile","9.799964988478218"
"wavelet-LHH","firstorder","Energy","170121.2551814639"
"wavelet-LHH","firstorder","Entropy","0.9999889538908369"
"wavelet-LHH","firstorder","InterquartileRange","10.428793668284323"
"wavelet-LHH","firstorder","Kurtosis","3.0366925482904925"
"wavelet-LHH","firstorder","Maximum","23.42555893908968"
"wavelet-LHH","firstorder","MeanAbsoluteDeviation","6.151726485204476"
"wavelet-LHH","firstorder","Mean","-0.147771878062908"
"wavelet-LHH","firstorder","Median","-0.04310394420089017"
"wavelet-LHH","firstorder","Minimum","-23.83468571748769"
"wavelet-LHH","firstorder","Range","47.26024465657737"
"wavelet-LHH","firstorder","RobustMeanAbsoluteDeviation","4.24873394927385"
"wavelet-LHH","firstorder","RootMeanSquared","7.77944950770919"
"wavelet-LHH","firstorder","Skewness","-0.0507985011011383"
"wavelet-LHH","firstorder","TotalEnergy","74579.25707515342"
"wavelet-LHH","firstorder","Uniformity","0.5000076565598811"
"wavelet-LHH","firstorder","Variance","60.49799811505051"
"wavelet-LHH","glcm","Autocorrelation","2.252564677758182"
"wavelet-LHH","glcm","ClusterProminence","0.5259970975223867"
"wavelet-LHH","glcm","ClusterShade","0.004208185734708577"
"wavelet-LHH","glcm","ClusterTendency","0.5259816020602833"
"wavelet-LHH","glcm","Contrast","0.47390910304142797"
"wavelet-LHH","glcm","Correlation","0.05207766487444855"
"wavelet-LHH","glcm","DifferenceAverage","0.47390910304142797"
"wavelet-LHH","glcm","DifferenceEntropy","0.9851207445916056"
"wavelet-LHH","glcm","DifferenceVariance","0.24504014983184091"
"wavelet-LHH","glcm","Id","0.7630454484792862"
"wavelet-LHH","glcm","Idm","0.7630454484792862"
"wavelet-LHH","glcm","Idmn","0.9052181793917142"
"wavelet-LHH","glcm","Idn","0.8420302989861905"
"wavelet-LHH","glcm","Imc1","-0.014874050953034608"
"wavelet-LHH","glcm","Imc2","0.08268325638104922"
"wavelet-LHH","glcm","InverseVariance","0.47390910304142797"
"wavelet-LHH","glcm","JointAverage","1.4965064097596321"
"wavelet-LHH","glcm","JointEnergy","0.25501449761730355"
"wavelet-LHH","glcm","JointEntropy","1.9849690522501655"
"wavelet-LHH","glcm","MCC","0.07120526249434672"
"wavelet-LHH","glcm","MaximumProbability","0.27130354172736487"
"wavelet-LHH","glcm","SumAverage","2.9930128195192642"
"wavelet-LHH","glcm","SumEntropy","1.511059949208738"
"wavelet-LHH","glcm","SumSquares","0.2499726762754278"
"wavelet-LHH","glrlm","GrayLevelNonUniformity","798.293390802044"
"wavelet-LHH","glrlm","GrayLevelNonUniformityNormalized","0.500062474757309"
"wavelet-LHH","glrlm","GrayLevelVariance","0.24996876262134549"
"wavelet-LHH","glrlm","HighGrayLevelRunEmphasis","2.5053069375600407"
"wavelet-LHH","glrlm","LongRunEmphasis","4.6451606022401055"
"wavelet-LHH","glrlm","LongRunHighGrayLevelEmphasis","11.535204486727256"
"wavelet-LHH","glrlm","LongRunLowGrayLevelEmphasis","2.9226496311183165"
"wavelet-LHH","glrlm","LowGrayLevelRunEmphasis","0.6236732656099898"
"wavelet-LHH","glrlm","RunEntropy","2.711455849691439"
"wavelet-LHH","glrlm","RunLengthNonUniformity","647.2306928114117"
"wavelet-LHH","glrlm","RunLengthNonUniformityNormalized","0.39817304664448366"
"wavelet-LHH","glrlm","RunPercentage","0.5679063021645733"
"wavelet-LHH","glrlm","RunVariance","1.3091968383780022"
"wavelet-LHH","glrlm","ShortRunEmphasis","0.625524538081121"
"wavelet-LHH","glrlm","ShortRunHighGrayLevelEmphasis","1.5754862053207952"
"wavelet-LHH","glrlm","ShortRunLowGrayLevelEmphasis","0.3880341212712024"
"wavelet-LHH","glszm","GrayLevelNonUniformity","2.0"
"wavelet-LHH","glszm","GrayLevelNonUniformityNormalized","0.5"
"wavelet-LHH","glszm","GrayLevelVariance","0.25"
"wavelet-LHH","glszm","HighGrayLevelZoneEmphasis","2.5"
"wavelet-LHH","glszm","LargeAreaEmphasis","985627.25"
"wavelet-LHH","glszm","LargeAreaHighGrayLevelEmphasis","2451433.25"
"wavelet-LHH","glszm","LargeAreaLowGrayLevelEmphasis","619175.75"
"wavelet-LHH","glszm","LowGrayLevelZoneEmphasis","0.625"
"wavelet-LHH","glszm","SizeZoneNonUniformity","1.0"
"wavelet-LHH","glszm","SizeZoneNonUniformityNormalized","0.25"
"wavelet-LHH","glszm","SmallAreaEmphasis","0.3125002536644361"
"wavelet-LHH","glszm","SmallAreaHighGrayLevelEmphasis","0.500000637413139"
"wavelet-LHH","glszm","SmallAreaLowGrayLevelEmphasis","0.26562515772726036"
"wavelet-LHH","glszm","ZoneEntropy","1.9999999999999987"
"wavelet-LHH","glszm","ZonePercentage","0.001422981145499822"
"wavelet-LHH","glszm","ZoneVariance","491769.6875"
"wavelet-LHH","gldm","DependenceEntropy","4.778245052748192"
"wavelet-LHH","gldm","DependenceNonUniformity","232.77232301672004"
"wavelet-LHH","gldm","DependenceNonUniformityNormalized","0.08280765671174672"
"wavelet-LHH","gldm","DependenceVariance","11.719141437669085"
"wavelet-LHH","gldm","GrayLevelNonUniformity","1405.5215225898257"
"wavelet-LHH","gldm","GrayLevelVariance","0.2499961717200595"
"wavelet-LHH","gldm","HighGrayLevelEmphasis","2.494130202774813"
"wavelet-LHH","gldm","LargeDependenceEmphasis","161.4005691924582"
"wavelet-LHH","gldm","LargeDependenceHighGrayLevelEmphasis","398.96086801849873"
"wavelet-LHH","gldm","LargeDependenceLowGrayLevelEmphasis","102.01049448594806"
"wavelet-LHH","gldm","LowGrayLevelEmphasis","0.6264674493062967"
"wavelet-LHH","gldm","SmallDependenceEmphasis","0.01041194128401473"
"wavelet-LHH","gldm","SmallDependenceHighGrayLevelEmphasis","0.026069042366543442"
"wavelet-LHH","gldm","SmallDependenceLowGrayLevelEmphasis","0.006497666013382552"
"wavelet-LHH","ngtdm","Busyness","671.8010139468568"
"wavelet-LHH","ngtdm","Coarseness","0.0015062184019806666"
"wavelet-LHH","ngtdm","Complexity","0.47236879579635066"
"wavelet-LHH","ngtdm","Contrast","0.1180931938645937"
"wavelet-LHH","ngtdm","Strength","0.0015061826476328252"
"wavelet-HLL","firstorder","10Percentile","-34.08773270046021"
"wavelet-HLL","firstorder","90Percentile","38.63758257209505"
"wavelet-HLL","firstorder","Energy","2252361.487555938"
"wavelet-HLL","firstorder","Entropy","2.2588738982070766"
"wavelet-HLL","firstorder","InterquartileRange","37.68813480003173"
"wavelet-HLL","firstorder","Kurtosis","3.018138485183567"
"wavelet-HLL","firstorder","Maximum","89.25748122155154"
"wavelet-HLL","firstorder","MeanAbsoluteDeviation","22.499938016531278"
"wavelet-HLL","firstorder","Mean","1.9999715442224164"
"wavelet-HLL","firstorder","Median","1.9218564372475153"
"wavelet-HLL","firstorder","Minimum","-100.84761926163932"
"wavelet-HLL","firstorder","Range","190.10510048319088"
"wavelet-HLL","firstorder","RobustMeanAbsoluteDeviation","15.72063205230678"
"wavelet-HLL","firstorder","RootMeanSquared","28.306659683023497"
"wavelet-HLL","firstorder","Skewness","0.0262396019052669"
"wavelet-HLL","firstorder","TotalEnergy","987410.1047951357"
"wavelet-HLL","firstorder","Uniformity","0.24535072802494542"
"wavelet-HLL","firstorder","Variance","797.2670962328085"
"wavelet-HLL","glcm","Autocorrelation","31.176225979155724"
"wavelet-HLL","glcm","ClusterProminence","30.265690182036135"
"wavelet-HLL","glcm","ClusterShade","0.061460960437734295"
"wavelet-HLL","glcm","ClusterTendency","3.028772017930847"
"wavelet-HLL","glcm","Contrast","2.262030469203769"
"wavelet-HLL","glcm","Correlation","0.14428384022124172"
"wavelet-HLL","glcm","DifferenceAverage","1.120406049942234"
"wavelet-HLL","glcm","DifferenceEntropy","1.830075601534316"
"wavelet-HLL","glcm","DifferenceVariance","0.9198226012183268"
"wavelet-HLL","glcm","Id","0.5873022739304838"
"wavelet-HLL","glcm","Idm","0.5479102047749462"
"wavelet-HLL","glcm","Idmn","0.9744457918080427"
"wavelet-HLL","glcm","Idn","0.8974512704545171"
"wavelet-HLL","glcm","Imc1","-0.06528862687666367"
"wavelet-HLL","glcm","Imc2","0.3595129721210691"
"wavelet-HLL","glcm","InverseVariance","0.48320648724256404"
"wavelet-HLL","glcm","JointAverage","5.566365571733818"
"wavelet-HLL","glcm","JointEnergy","0.06774312395400893"
"wavelet-HLL","glcm","JointEntropy","4.3478148097726415"
"wavelet-HLL","glcm","MCC","0.28363291759150777"
"wavelet-HLL","glcm","MaximumProbability","0.12047172810804642"
"wavelet-HLL","glcm","SumAverage","11.132731143467636"
"wavelet-HLL","glcm","SumEntropy","2.8123644919501007"
"wavelet-HLL","glcm","SumSquares","1.322700621783654"
"wavelet-HLL","glrlm","GrayLevelNonUniformity","487.147107187999"
"wavelet-HLL","glrlm","GrayLevelNonUniformityNormalized","0.22742282716870627"
"wavelet-HLL","glrlm","GrayLevelVariance","1.517675855315512"
"wavelet-HLL","glrlm","HighGrayLevelRunEmphasis","32.55624942575335"
"wavelet-HLL","glrlm","LongRunEmphasis","2.2918172734840065"
"wavelet-HLL","glrlm","LongRunHighGrayLevelEmphasis","73.57745804598159"
"wavelet-HLL","glrlm","LongRunLowGrayLevelEmphasis","0.08400972901977342"
"wavelet-HLL","glrlm","LowGrayLevelRunEmphasis","0.03883615429916958"
"wavelet-HLL","glrlm","RunEntropy","3.3292780473426404"
"wavelet-HLL","glrlm","RunLengthNonUniformity","1363.859557132426"
"wavelet-HLL","glrlm","RunLengthNonUniformityNormalized","0.6260235986705844"
"wavelet-HLL","glrlm","RunPercentage","0.7624442437676162"
"wavelet-HLL","glrlm","RunVariance","0.49619550377839694"
"wavelet-HLL","glrlm","ShortRunEmphasis","0.8146784237843255"
"wavelet-HLL","glrlm","ShortRunHighGrayLevelEmphasis","26.63494547583707"
"wavelet-HLL","glrlm","ShortRunLowGrayLevelEmphasis","0.032259260427858254"
"wavelet-HLL","glszm","GrayLevelNonUniformity","27.088607594936708"
"wavelet-HLL","glszm","GrayLevelNonUniformityNormalized","0.17144688351225765"
"wavelet-HLL","glszm","GrayLevelVariance","4.783888799871815"
"wavelet-HLL","glszm","HighGrayLevelZoneEmphasis","36.72784810126582"
"wavelet-HLL","glszm","LargeAreaEmphasis","10065.930379746835"
"wavelet-HLL","glszm","LargeAreaHighGrayLevelEmphasis","310203.82278481015"
"wavelet-HLL","glszm","LargeAreaLowGrayLevelEmphasis","340.84110476644946"
"wavelet-HLL","glszm","LowGrayLevelZoneEmphasis","0.0603537532570459"
"wavelet-HLL","glszm","SizeZoneNonUniformity","28.063291139240505"
"wavelet-HLL","glszm","SizeZoneNonUniformityNormalized","0.17761576670405385"
"wavelet-HLL","glszm","SmallAreaEmphasis","0.4132714075254314"
"wavelet-HLL","glszm","SmallAreaHighGrayLevelEmphasis","15.159897015121278"
"wavelet-HLL","glszm","SmallAreaLowGrayLevelEmphasis","0.03186974363015215"
"wavelet-HLL","glszm","ZoneEntropy","5.485239571939767"
"wavelet-HLL","glszm","ZonePercentage","0.056207755247242974"
"wavelet-HLL","glszm","ZoneVariance","9749.40574427175"
"wavelet-HLL","gldm","DependenceEntropy","5.692637509522863"
"wavelet-HLL","gldm","DependenceNonUniformity","226.77730345072928"
"wavelet-HLL","gldm","DependenceNonUniformityNormalized","0.08067495675941988"
"wavelet-HLL","gldm","DependenceVariance","12.5465958618382"
"wavelet-HLL","gldm","GrayLevelNonUniformity","689.6808964781217"
"wavelet-HLL","gldm","GrayLevelVariance","1.3435045352778208"
"wavelet-HLL","gldm","HighGrayLevelEmphasis","32.379224475275706"
"wavelet-HLL","gldm","LargeDependenceEmphasis","64.04802561366061"
"wavelet-HLL","gldm","LargeDependenceHighGrayLevelEmphasis","2024.9733191035218"
"wavelet-HLL","gldm","LargeDependenceLowGrayLevelEmphasis","2.2016174526584944"
"wavelet-HLL","gldm","LowGrayLevelEmphasis","0.03793754093333975"
"wavelet-HLL","gldm","SmallDependenceEmphasis","0.06229933504050441"
"wavelet-HLL","gldm","SmallDependenceHighGrayLevelEmphasis","2.145692451703355"
"wavelet-HLL","gldm","SmallDependenceLowGrayLevelEmphasis","0.0033998604749132092"
"wavelet-HLL","ngtdm","Busyness","6.9634315998071985"
"wavelet-HLL","ngtdm","Coarseness","0.0024061242484993304"
"wavelet-HLL","ngtdm","Complexity","28.318949859687315"
"wavelet-HLL","ngtdm","Contrast","0.030646842390749923"
"wavelet-HLL","ngtdm","Strength","0.06500243229312297"
"wavelet-HLH","firstorder","10Percentile","-11.082868475382714"
"wavelet-HLH","firstorder","90Percentile","10.429338845253941"
"wavelet-HLH","firstorder","Energy","200945.80283465504"
"wavelet-HLH","firstorder","Entropy","1.0225547260779329"
"wavelet-HLH","firstorder","InterquartileRange","11.372204135517203"
"wavelet-HLH","firstorder","Kurtosis","2.945033508230987"
"wavelet-HLH","firstorder","Maximum","24.70524443066696"
"wavelet-HLH","firstorder","MeanAbsoluteDeviation","6.757376741436636"
"wavelet-HLH","firstorder","Mean","-0.20859740962329634"
"wavelet-HLH","firstorder","Median","-0.1959564461756363"
"wavelet-HLH","firstorder","Minimum","-29.08148506157993"
"wavelet-HLH","firstorder","Range","53.78672949224689"
"wavelet-HLH","firstorder","RobustMeanAbsoluteDeviation","4.742683049070428"
"wavelet-HLH","firstorder","RootMeanSquared","8.45491112757903"
"wavelet-HLH","firstorder","Skewness","-0.07007276847011996"
"wavelet-HLH","firstorder","TotalEnergy","88092.39428543625"
"wavelet-HLH","firstorder","Uniformity","0.49757603438542064"
"wavelet-HLH","firstorder","Variance","71.44200929595816"
"wavelet-HLH","glcm","Autocorrelation","6.218857737104415"
"wavelet-HLH","glcm","ClusterProminence","0.5519401619880184"
"wavelet-HLH","glcm","ClusterShade","-0.004883375431160347"
"wavelet-HLH","glcm","ClusterTendency","0.5234542918262004"
"wavelet-HLH","glcm","Contrast","0.4959094592801605"
"wavelet-HLH","glcm","Correlation","0.027063024211370825"
"wavelet-HLH","glcm","DifferenceAverage","0.490484618298341"
"wavelet-HLH","glcm","DifferenceEntropy","1.0083448516633489"
"wavelet-HLH","glcm","DifferenceVariance","0.2501220830474265"
"wavelet-HLH","glcm","Id","0.755661831014466"
"wavelet-HLH","glcm","Idm","0.7553001749490116"
"wavelet-HLH","glcm","Idmn","0.9506594313480681"
"wavelet-HLH","glcm","Idn","0.8776500874745057"
"wavelet-HLH","glcm","Imc1","-0.01642130568777001"
"wavelet-HLH","glcm","Imc2","0.10930939255221676"
"wavelet-HLH","glcm","InverseVariance","0.48573788243924876"
"wavelet-HLH","glcm","JointAverage","2.4923812570545163"
"wavelet-HLH","glcm","JointEnergy","0.2528952667207375"
"wavelet-HLH","glcm","JointEntropy","2.027757404326359"
"wavelet-HLH","glcm","MCC","0.09271242109271889"
"wavelet-HLH","glcm","MaximumProbability","0.27415061068632335"
"wavelet-HLH","glcm","SumAverage","4.984762514109033"
"wavelet-HLH","glcm","SumEntropy","1.518774020959776"
"wavelet-HLH","glcm","SumSquares","0.2548409377765902"
"wavelet-HLH","glrlm","GrayLevelNonUniformity","807.4339891532564"
"wavelet-HLH","glrlm","GrayLevelNonUniformityNormalized","0.49583629206101126"
"wavelet-HLH","glrlm","GrayLevelVariance","0.25837286710281526"
"wavelet-HLH","glrlm","HighGrayLevelRunEmphasis","6.459073610821951"
"wavelet-HLH","glrlm","LongRunEmphasis","4.535329084103074"
"wavelet-HLH","glrlm","LongRunHighGrayLevelEmphasis","29.352474179550327"
"wavelet-HLH","glrlm","LongRunLowGrayLevelEmphasis","0.8255567759862832"
"wavelet-HLH","glrlm","LowGrayLevelRunEmphasis","0.18452041993693225"
"wavelet-HLH","glrlm","RunEntropy","2.7033430482982634"
"wavelet-HLH","glrlm","RunLengthNonUniformity","679.6788790183499"
"wavelet-HLH","glrlm","RunLengthNonUniformityNormalized","0.4094138609561196"
"wavelet-HLH","glrlm","RunPercentage","0.579262786306543"
"wavelet-HLH","glrlm","RunVariance","1.300678567726433"
"wavelet-HLH","glrlm","ShortRunEmphasis","0.636633902528489"
"wavelet-HLH","glrlm","ShortRunHighGrayLevelEmphasis","4.115327296152164"
"wavelet-HLH","glrlm","ShortRunLowGrayLevelEmphasis","0.1183295650549568"
"wavelet-HLH","glszm","GrayLevelNonUniformity","3.857142857142857"
"wavelet-HLH","glszm","GrayLevelNonUniformityNormalized","0.5510204081632653"
"wavelet-HLH","glszm","GrayLevelVariance","0.5306122448979592"
"wavelet-HLH","glszm","HighGrayLevelZoneEmphasis","2.5714285714285716"
"wavelet-HLH","glszm","LargeAreaEmphasis","561667.0"
"wavelet-HLH","glszm","LargeAreaHighGrayLevelEmphasis","3620784.0"
"wavelet-HLH","glszm","LargeAreaLowGrayLevelEmphasis","102247.90873015873"
"wavelet-HLH","glszm","LowGrayLevelZoneEmphasis","0.7658730158730158"
"wavelet-HLH","glszm","SizeZoneNonUniformity","2.142857142857143"
"wavelet-HLH","glszm","SizeZoneNonUniformityNormalized","0.30612244897959184"
"wavelet-HLH","glszm","SmallAreaEmphasis","0.5000001454069184"
"wavelet-HLH","glszm","SmallAreaHighGrayLevelEmphasis","0.5000009529226234"
"wavelet-HLH","glszm","SmallAreaLowGrayLevelEmphasis","0.500000026037981"
"wavelet-HLH","glszm","ZoneEntropy","1.8423709931771073"
"wavelet-HLH","glszm","ZonePercentage","0.0024902170046246885"
"wavelet-HLH","glszm","ZoneVariance","400407.387755102"
"wavelet-HLH","gldm","DependenceEntropy","4.7504284336787785"
"wavelet-HLH","gldm","DependenceNonUniformity","236.79722518676627"
"wavelet-HLH","gldm","DependenceNonUniformityNormalized","0.084239496686861"
"wavelet-HLH","gldm","DependenceVariance","11.081678282490614"
"wavelet-HLH","gldm","GrayLevelNonUniformity","1398.6862326574173"
"wavelet-HLH","gldm","GrayLevelVariance","0.2548981418098665"
"wavelet-HLH","gldm","HighGrayLevelEmphasis","6.459622909996442"
"wavelet-HLH","gldm","LargeDependenceEmphasis","153.62540021344716"
"wavelet-HLH","gldm","LargeDependenceHighGrayLevelEmphasis","990.3457844183564"
"wavelet-HLH","gldm","LargeDependenceLowGrayLevelEmphasis","27.97073995019566"
"wavelet-HLH","gldm","LowGrayLevelEmphasis","0.1833372860587375"
"wavelet-HLH","gldm","SmallDependenceEmphasis","0.01141454820486723"
"wavelet-HLH","gldm","SmallDependenceHighGrayLevelEmphasis","0.06636376214262674"
"wavelet-HLH","gldm","SmallDependenceLowGrayLevelEmphasis","0.0032271364447956385"
"wavelet-HLH","ngtdm","Busyness","114.33757349545132"
"wavelet-HLH","ngtdm","Coarseness","0.0014796036391995602"
"wavelet-HLH","ngtdm","Complexity","1.9241040432848637"
"wavelet-HLH","ngtdm","Contrast","0.041277160946487354"
"wavelet-HLH","ngtdm","Strength","0.005107956652307511"
"wavelet-HHL","firstorder","10Percentile","-14.843709309911729"
"wavelet-HHL","firstorder","90Percentile","14.793096971382829"
"wavelet-HHL","firstorder","Energy","377569.91589580703"
"wavelet-HHL","firstorder","Entropy","1.2142294862522396"
"wavelet-HHL","firstorder","InterquartileRange","15.06781996526495"
"wavelet-HHL","firstorder","Kurtosis","3.0701740505912674"
"wavelet-HHL","firstorder","Maximum","40.74135487276452"
"wavelet-HHL","firstorder","MeanAbsoluteDeviation","9.197399209751671"
"wavelet-HHL","firstorder","Mean","-0.07216820148831668"
"wavelet-HHL","firstorder","Median","-0.33893837925100545"
"wavelet-HHL","firstorder","Minimum","-39.537439836439674"
"wavelet-HHL","firstorder","Range","80.27879470920419"
"wavelet-HHL","firstorder","RobustMeanAbsoluteDeviation","6.371217453093618"
"wavelet-HHL","firstorder","RootMeanSquared","11.589595241289565"
"wavelet-HHL","firstorder","Skewness","0.04724279367016366"
"wavelet-HHL","firstorder","TotalEnergy","165522.4315821154"
"wavelet-HHL","firstorder","Uniformity","0.46733603983233524"
"wavelet-HHL","firstorder","Variance","134.31350960761569"
"wavelet-HHL","glcm","Autocorrelation","6.218339162370763"
"wavelet-HHL","glcm","ClusterProminence","1.1126679329101437"
"wavelet-HHL","glcm","ClusterShade","0.025790010008853757"
"wavelet-HHL","glcm","ClusterTendency","0.6475793105618808"
"wavelet-HHL","glcm","Contrast","0.6126736813242815"
"wavelet-HHL","glcm","Correlation","0.02747444718650678"
"wavelet-HHL","glcm","DifferenceAverage","0.5469583065097315"
"wavelet-HHL","glcm","DifferenceEntropy","1.1559817779232313"
"wavelet-HHL","glcm","DifferenceVariance","0.30636189393397184"
"wavelet-HHL","glcm","Id","0.7373009829799508"
"wavelet-HHL","glcm","Idm","0.7330923842265893"
"wavelet-HHL","glcm","Idmn","0.9651638713207148"
"wavelet-HHL","glcm","Idn","0.8927791453365265"
"wavelet-HHL","glcm","Imc1","-0.021147081007219348"
"wavelet-HHL","glcm","Imc2","0.12055364374786305"
"wavelet-HHL","glcm","InverseVariance","0.49108582353737484"
"wavelet-HHL","glcm","JointAverage","2.4919086460834388"
"wavelet-HHL","glcm","JointEnergy","0.22536816905938534"
"wavelet-HHL","glcm","JointEntropy","2.3875543847757488"
"wavelet-HHL","glcm","MCC","0.0913396425628299"
"wavelet-HHL","glcm","MaximumProbability","0.25521729379441943"
"wavelet-HHL","glcm","SumAverage","4.9838172921668775"
"wavelet-HHL","glcm","SumEntropy","1.7035919355278737"
"wavelet-HHL","glcm","SumSquares","0.3150632479715405"
"wavelet-HHL","glrlm","GrayLevelNonUniformity","758.6225602731139"
"wavelet-HHL","glrlm","GrayLevelNonUniformityNormalized","0.4481930392352625"
"wavelet-HHL","glrlm","GrayLevelVariance","0.35987541700824927"
"wavelet-HHL","glrlm","HighGrayLevelRunEmphasis","6.597681264056302"
"wavelet-HHL","glrlm","LongRunEmphasis","4.06997910059865"
"wavelet-HHL","glrlm","LongRunHighGrayLevelEmphasis","26.155553408881506"
"wavelet-HHL","glrlm","LongRunLowGrayLevelEmphasis","0.768210078274897"
"wavelet-HHL","glrlm","LowGrayLevelRunEmphasis","0.19942376179483853"
"wavelet-HHL","glrlm","RunEntropy","2.855444914418241"
"wavelet-HHL","glrlm","RunLengthNonUniformity","750.3229145660007"
"wavelet-HHL","glrlm","RunLengthNonUniformityNormalized","0.4357452304213935"
"wavelet-HHL","glrlm","RunPercentage","0.601893659524396"
"wavelet-HHL","glrlm","RunVariance","1.1139249099120356"
"wavelet-HHL","glrlm","ShortRunEmphasis","0.6633702917481465"
"wavelet-HHL","glrlm","ShortRunHighGrayLevelEmphasis","4.426608891522204"
"wavelet-HHL","glrlm","ShortRunLowGrayLevelEmphasis","0.13757876836217864"
"wavelet-HHL","glszm","GrayLevelNonUniformity","27.64406779661017"
"wavelet-HHL","glszm","GrayLevelNonUniformityNormalized","0.46854352197644356"
"wavelet-HHL","glszm","GrayLevelVariance","2.17638609594944"
"wavelet-HHL","glszm","HighGrayLevelZoneEmphasis","8.05084745762712"
"wavelet-HHL","glszm","LargeAreaEmphasis","62514.220338983054"
"wavelet-HHL","glszm","LargeAreaHighGrayLevelEmphasis","398186.4915254237"
"wavelet-HHL","glszm","LargeAreaLowGrayLevelEmphasis","11515.08556967985"
"wavelet-HHL","glszm","LowGrayLevelZoneEmphasis","0.5431967984934087"
"wavelet-HHL","glszm","SizeZoneNonUniformity","21.64406779661017"
"wavelet-HHL","glszm","SizeZoneNonUniformityNormalized","0.36684860672220626"
"wavelet-HHL","glszm","SmallAreaEmphasis","0.5996657434798007"
"wavelet-HHL","glszm","SmallAreaHighGrayLevelEmphasis","4.206233643878453"
"wavelet-HHL","glszm","SmallAreaLowGrayLevelEmphasis","0.3742552410201719"
"wavelet-HHL","glszm","ZoneEntropy","2.6754482981412386"
"wavelet-HHL","glszm","ZonePercentage","0.020988971896122376"
"wavelet-HHL","glszm","ZoneVariance","60244.26314277506"
"wavelet-HHL","gldm","DependenceEntropy","4.884750896212404"
"wavelet-HHL","gldm","DependenceNonUniformity","221.75916044112415"
"wavelet-HHL","gldm","DependenceNonUniformityNormalized","0.07888977603739743"
"wavelet-HHL","gldm","DependenceVariance","13.855619301162365"
"wavelet-HHL","gldm","GrayLevelNonUniformity","1313.6816079686944"
"wavelet-HHL","gldm","GrayLevelVariance","0.31821422193975213"
"wavelet-HHL","gldm","HighGrayLevelEmphasis","6.52116684453931"
"wavelet-HHL","gldm","LargeDependenceEmphasis","142.69548203486303"
"wavelet-HHL","gldm","LargeDependenceHighGrayLevelEmphasis","907.6559943080754"
"wavelet-HHL","gldm","LargeDependenceLowGrayLevelEmphasis","26.36423129372702"
"wavelet-HHL","gldm","LowGrayLevelEmphasis","0.19328580181034824"
"wavelet-HHL","gldm","SmallDependenceEmphasis","0.025917767924629572"
"wavelet-HHL","gldm","SmallDependenceHighGrayLevelEmphasis","0.18396133415592245"
"wavelet-HHL","gldm","SmallDependenceLowGrayLevelEmphasis","0.011148258244305842"
"wavelet-HHL","ngtdm","Busyness","62.306567634972716"
"wavelet-HHL","ngtdm","Coarseness","0.0015725210584031754"
"wavelet-HHL","ngtdm","Complexity","3.3318391990938947"
"wavelet-HHL","ngtdm","Contrast","0.027403877955388605"
"wavelet-HHL","ngtdm","Strength","0.008638044787172354"
"wavelet-HHH","firstorder","10Percentile","-4.857578669569248"
"wavelet-HHH","firstorder","90Percentile","5.129024062373852"
"wavelet-HHH","firstorder","Energy","41758.00734340091"
"wavelet-HHH","firstorder","Entropy","0.9999005829876129"
"wavelet-HHH","firstorder","InterquartileRange","5.3122239434983465"
"wavelet-HHH","firstorder","Kurtosis","2.950751038701671"
"wavelet-HHH","firstorder","Maximum","12.048398757636331"
"wavelet-HHH","firstorder","MeanAbsoluteDeviation","3.0833732557158746"
"wavelet-HHH","firstorder","Mean","0.06058701368439308"
"wavelet-HHH","firstorder","Median","0.05603075768294649"
"wavelet-HHH","firstorder","Minimum","-14.297124699579918"
"wavelet-HHH","firstorder","Range","26.34552345721625"
"wavelet-HHH","firstorder","RobustMeanAbsoluteDeviation","2.171999948817421"
"wavelet-HHH","firstorder","RootMeanSquared","3.854246266240087"
"wavelet-HHH","firstorder","Skewness","0.0066954525619363405"
"wavelet-HHH","firstorder","TotalEnergy","18306.243751186284"
"wavelet-HHH","firstorder","Uniformity","0.5000689090389296"
"wavelet-HHH","firstorder","Variance","14.85154349459846"
"wavelet-HHH","glcm","Autocorrelation","2.2502644725128125"
"wavelet-HHH","glcm","ClusterProminence","0.496652673689724"
"wavelet-HHH","glcm","ClusterShade","-0.0006826850425254353"
"wavelet-HHH","glcm","ClusterTendency","0.49665145598532556"
"wavelet-HHH","glcm","Contrast","0.5033297246057452"
"wavelet-HHH","glcm","Correlation","-0.0066778626805354315"
"wavelet-HHH","glcm","DifferenceAverage","0.5033297246057452"
"wavelet-HHH","glcm","DifferenceEntropy","0.9989968946728638"
"wavelet-HHH","glcm","DifferenceVariance","0.24965262327129595"
"wavelet-HHH","glcm","Id","0.7483351376971275"
"wavelet-HHH","glcm","Idm","0.7483351376971275"
"wavelet-HHH","glcm","Idmn","0.8993340550788509"
"wavelet-HHH","glcm","Idn","0.8322234251314181"
"wavelet-HHH","glcm","Imc1","-0.0010025579366303883"
"wavelet-HHH","glcm","Imc2","0.037526248282425095"
"wavelet-HHH","glcm","InverseVariance","0.5033297246057452"
"wavelet-HHH","glcm","JointAverage","1.5006431116052283"
"wavelet-HHH","glcm","JointEnergy","0.25035678643316867"
"wavelet-HHH","glcm","JointEntropy","1.9989703017005236"
"wavelet-HHH","glcm","MCC","0.03126623844624268"
"wavelet-HHH","glcm","MaximumProbability","0.2589257849319693"
"wavelet-HHH","glcm","SumAverage","3.0012862232104567"
"wavelet-HHH","glcm","SumEntropy","1.495640577094778"
"wavelet-HHH","glcm","SumSquares","0.2499952951477677"
"wavelet-HHH","glrlm","GrayLevelNonUniformity","834.0703101605288"
"wavelet-HHH","glrlm","GrayLevelNonUniformityNormalized","0.5001814727475609"
"wavelet-HHH","glrlm","GrayLevelVariance","0.24990926362621954"
"wavelet-HHH","glrlm","HighGrayLevelRunEmphasis","2.5271717124103605"
"wavelet-HHH","glrlm","LongRunEmphasis","3.958359158418335"
"wavelet-HHH","glrlm","LongRunHighGrayLevelEmphasis","9.919072316440817"
"wavelet-HHH","glrlm","LongRunLowGrayLevelEmphasis","2.468180868912714"
"wavelet-HHH","glrlm","LowGrayLevelRunEmphasis","0.6182070718974099"
"wavelet-HHH","glrlm","RunEntropy","2.5850046262602344"
"wavelet-HHH","glrlm","RunLengthNonUniformity","721.2601961255314"
"wavelet-HHH","glrlm","RunLengthNonUniformityNormalized","0.43230798618116406"
"wavelet-HHH","glrlm","RunPercentage","0.5932189475412527"
"wavelet-HHH","glrlm","RunVariance","1.108323129674777"
"wavelet-HHH","glrlm","ShortRunEmphasis","0.6570261476522128"
"wavelet-HHH","glrlm","ShortRunHighGrayLevelEmphasis","1.6656751067871565"
"wavelet-HHH","glrlm","ShortRunLowGrayLevelEmphasis","0.40486390786847704"
"wavelet-HHH","glszm","GrayLevelNonUniformity","1.0"
"wavelet-HHH","glszm","GrayLevelNonUniformityNormalized","0.5"
"wavelet-HHH","glszm","GrayLevelVariance","0.25"
"wavelet-HHH","glszm","HighGrayLevelZoneEmphasis","2.5"
"wavelet-HHH","glszm","LargeAreaEmphasis","1975702.5"
"wavelet-HHH","glszm","LargeAreaHighGrayLevelEmphasis","5008828.5"
"wavelet-HHH","glszm","LargeAreaLowGrayLevelEmphasis","1217421.0"
"wavelet-HHH","glszm","LowGrayLevelZoneEmphasis","0.625"
"wavelet-HHH","glszm","SizeZoneNonUniformity","1.0"
"wavelet-HHH","glszm","SizeZoneNonUniformityNormalized","0.5"
"wavelet-HHH","glszm","SmallAreaEmphasis","5.064281815169215e-07"
"wavelet-HHH","glszm","SmallAreaHighGrayLevelEmphasis","1.2482371271393586e-06"
"wavelet-HHH","glszm","SmallAreaLowGrayLevelEmphasis","3.2097594511131227e-07"
"wavelet-HHH","glszm","ZoneEntropy","0.9999999999999993"
"wavelet-HHH","glszm","ZonePercentage","0.000711490572749911"
"wavelet-HHH","glszm","ZoneVariance","272.25"
"wavelet-HHH","gldm","DependenceEntropy","4.521420123560047"
"wavelet-HHH","gldm","DependenceNonUniformity","277.49235147634295"
"wavelet-HHH","gldm","DependenceNonUniformityNormalized","0.09871659604281144"
"wavelet-HHH","gldm","DependenceVariance","8.800562814100877"
"wavelet-HHH","gldm","GrayLevelNonUniformity","1405.6937033084312"
"wavelet-HHH","gldm","GrayLevelVariance","0.24996554548053518"
"wavelet-HHH","gldm","HighGrayLevelEmphasis","2.51760939167556"
"wavelet-HHH","gldm","LargeDependenceEmphasis","142.81145499822128"
"wavelet-HHH","gldm","LargeDependenceHighGrayLevelEmphasis","355.3578797580932"
"wavelet-HHH","gldm","LargeDependenceLowGrayLevelEmphasis","89.67484880825329"
"wavelet-HHH","gldm","LowGrayLevelEmphasis","0.62059765208111"
"wavelet-HHH","gldm","SmallDependenceEmphasis","0.010096934636709886"
"wavelet-HHH","gldm","SmallDependenceHighGrayLevelEmphasis","0.025400916172102554"
"wavelet-HHH","gldm","SmallDependenceLowGrayLevelEmphasis","0.006270939252861721"
"wavelet-HHH","ngtdm","Busyness","683.5322961084808"
"wavelet-HHH","ngtdm","Coarseness","0.0014132168837417921"
"wavelet-HHH","ngtdm","Complexity","0.5034546225248092"
"wavelet-HHH","ngtdm","Contrast","0.12583887936068017"
"wavelet-HHH","ngtdm","Strength","0.00141330032518758"
"wavelet-LLL","firstorder","10Percentile","180.95242393209935"
"wavelet-LLL","firstorder","90Percentile","305.3011456396953"
"wavelet-LLL","firstorder","Energy","173237029.08874363"
"wavelet-LLL","firstorder","Entropy","2.9980929929635516"
"wavelet-LLL","firstorder","InterquartileRange","64.74316839700782"
"wavelet-LLL","firstorder","Kurtosis","2.837886441006317"
"wavelet-LLL","firstorder","Maximum","393.7854640553126"
"wavelet-LLL","firstorder","MeanAbsoluteDeviation","38.2140325638829"
"wavelet-LLL","firstorder","Mean","243.5917105034085"
"wavelet-LLL","firstorder","Median","243.75212148391873"
"wavelet-LLL","firstorder","Minimum","96.3866046212032"
"wavelet-LLL","firstorder","Range","297.3988594341094"
"wavelet-LLL","firstorder","RobustMeanAbsoluteDeviation","26.674646235464724"
"wavelet-LLL","firstorder","RootMeanSquared","248.25039078301893"
"wavelet-LLL","firstorder","Skewness","-0.0011279036932359304"
"wavelet-LLL","firstorder","TotalEnergy","75945177.53565794"
"wavelet-LLL","firstorder","Uniformity","0.14443296593235827"
"wavelet-LLL","firstorder","Variance","2291.33509794523"
"wavelet-LLL","glcm","Autocorrelation","53.273377845142136"
"wavelet-LLL","glcm","ClusterProminence","372.08627966351844"
"wavelet-LLL","glcm","ClusterShade","1.7035021589790573"
"wavelet-LLL","glcm","ClusterTendency","11.505098683516035"
"wavelet-LLL","glcm","Contrast","4.303384473710776"
"wavelet-LLL","glcm","Correlation","0.4563292199328677"
"wavelet-LLL","glcm","DifferenceAverage","1.607734424200402"
"wavelet-LLL","glcm","DifferenceEntropy","2.265863131669167"
"wavelet-LLL","glcm","DifferenceVariance","1.6652596890710645"
"wavelet-LLL","glcm","Id","0.49937611075947747"
"wavelet-LLL","glcm","Idm","0.4364022037531675"
"wavelet-LLL","glcm","Idmn","0.9763444821176962"
"wavelet-LLL","glcm","Idn","0.8966943089478778"
"wavelet-LLL","glcm","Imc1","-0.07334430410263691"
"wavelet-LLL","glcm","Imc2","0.5628188370505545"
"wavelet-LLL","glcm","InverseVariance","0.42481603908109616"
"wavelet-LLL","glcm","JointAverage","7.174437697388202"
"wavelet-LLL","glcm","JointEnergy","0.022917149471342713"
"wavelet-LLL","glcm","JointEntropy","5.842718994697955"
"wavelet-LLL","glcm","MCC","0.4695225610844377"
"wavelet-LLL","glcm","MaximumProbability","0.04777737095369629"
"wavelet-LLL","glcm","SumAverage","14.3488753947764"
"wavelet-LLL","glcm","SumEntropy","3.7957369857735066"
"wavelet-LLL","glcm","SumSquares","3.9521207893067016"
"wavelet-LLL","glrlm","GrayLevelNonUniformity","333.41396193469586"
"wavelet-LLL","glrlm","GrayLevelNonUniformityNormalized","0.14180139079463366"
"wavelet-LLL","glrlm","GrayLevelVariance","3.8764823798543584"
"wavelet-LLL","glrlm","HighGrayLevelRunEmphasis","56.49659653692883"
"wavelet-LLL","glrlm","LongRunEmphasis","1.6720906613847122"
"wavelet-LLL","glrlm","LongRunHighGrayLevelEmphasis","93.91059758417349"
"wavelet-LLL","glrlm","LongRunLowGrayLevelEmphasis","0.04235982351333637"
"wavelet-LLL","glrlm","LowGrayLevelRunEmphasis","0.026220249665544017"
"wavelet-LLL","glrlm","RunEntropy","3.769201920553954"
"wavelet-LLL","glrlm","RunLengthNonUniformity","1695.2170172220306"
"wavelet-LLL","glrlm","RunLengthNonUniformityNormalized","0.7191780955785068"
"wavelet-LLL","glrlm","RunPercentage","0.8367402785759241"
"wavelet-LLL","glrlm","RunVariance","0.23769520727097598"
"wavelet-LLL","glrlm","ShortRunEmphasis","0.8727889432334616"
"wavelet-LLL","glrlm","ShortRunHighGrayLevelEmphasis","49.442680749812695"
"wavelet-LLL","glrlm","ShortRunLowGrayLevelEmphasis","0.023059717335250477"
"wavelet-LLL","glszm","GrayLevelNonUniformity","21.58447488584475"
"wavelet-LLL","glszm","GrayLevelNonUniformityNormalized","0.09855924605408561"
"wavelet-LLL","glszm","GrayLevelVariance","8.206834719876566"
"wavelet-LLL","glszm","HighGrayLevelZoneEmphasis","62.58904109589041"
"wavelet-LLL","glszm","LargeAreaEmphasis","3358.2785388127854"
"wavelet-LLL","glszm","LargeAreaHighGrayLevelEmphasis","188135.5296803653"
"wavelet-LLL","glszm","LargeAreaLowGrayLevelEmphasis","65.22513417369954"
"wavelet-LLL","glszm","LowGrayLevelZoneEmphasis","0.04037108739988908"
"wavelet-LLL","glszm","SizeZoneNonUniformity","52.789954337899545"
"wavelet-LLL","glszm","SizeZoneNonUniformityNormalized","0.24105001980776047"
"wavelet-LLL","glszm","SmallAreaEmphasis","0.5040284102015866"
"wavelet-LLL","glszm","SmallAreaHighGrayLevelEmphasis","32.90957973291879"
"wavelet-LLL","glszm","SmallAreaLowGrayLevelEmphasis","0.021342189439861388"
"wavelet-LLL","glszm","ZoneEntropy","5.8543290498756475"
"wavelet-LLL","glszm","ZonePercentage","0.07790821771611527"
"wavelet-LLL","glszm","ZoneVariance","3193.5254894601862"
"wavelet-LLL","gldm","DependenceEntropy","6.169695897166229"
"wavelet-LLL","gldm","DependenceNonUniformity","342.44788331554605"
"wavelet-LLL","gldm","DependenceNonUniformityNormalized","0.1218242203185863"
"wavelet-LLL","gldm","DependenceVariance","6.166350090062658"
"wavelet-LLL","gldm","GrayLevelNonUniformity","406.0010672358591"
"wavelet-LLL","gldm","GrayLevelVariance","3.759759424560801"
"wavelet-LLL","gldm","HighGrayLevelEmphasis","56.33902525791533"
"wavelet-LLL","gldm","LargeDependenceEmphasis","33.67378157239416"
"wavelet-LLL","gldm","LargeDependenceHighGrayLevelEmphasis","1870.7054429028815"
"wavelet-LLL","gldm","LargeDependenceLowGrayLevelEmphasis","0.7937506414983531"
"wavelet-LLL","gldm","LowGrayLevelEmphasis","0.0259202169796484"
"wavelet-LLL","gldm","SmallDependenceEmphasis","0.09548648491935643"
"wavelet-LLL","gldm","SmallDependenceHighGrayLevelEmphasis","5.799018823619955"
"wavelet-LLL","gldm","SmallDependenceLowGrayLevelEmphasis","0.003069902273273295"
"wavelet-LLL","ngtdm","Busyness","3.1833564721286014"
"wavelet-LLL","ngtdm","Coarseness","0.003091409573956758"
"wavelet-LLL","ngtdm","Complexity","68.26950575963627"
"wavelet-LLL","ngtdm","Contrast","0.04788006708447399"
"wavelet-LLL","ngtdm","Strength","0.16595872374460796"
